cod Cliente;Razão Social;Nome Fantasia;Equipamento;Série do Fabricante;cod Produto;Descrição pro;Contrato;Setor;Responsável;Data Movimento;Num.OS;Observação;Envio / Retorno;Val Cobrado
2;YOU.ON ENERGIA S.A;YOU.ON;2361;VNA8WKFW;3051;MONITOR LCD LENOVO THINKVISION T23I-10 2;3;YOU.ON ENERGIA S.A;*;08/07/2025;5508;;Envio;132,00
2;YOU.ON ENERGIA S.A;YOU.ON;1132;PE08P321;1025;NOTEBOOK LENOVO THINKPAD E14 G2 CORE I5;4;YOU.ON ENERGIA S.A;;08/07/2025;5507;;Envio;323,75
2;YOU.ON ENERGIA S.A;YOU.ON;2095;PE08T63P;1025;NOTEBOOK LENOVO THINKPAD E14 G2 CORE I5;4;YOU.ON ENERGIA S.A;;08/07/2025;5506;;Envio;323,75
2;YOU.ON ENERGIA S.A;YOU.ON;2401;PE0BPPH9;10231;NOTEBOOK LENOVO THINKPAD T14 G2 CORE I5;4;YOU.ON ENERGIA S.A;;08/07/2025;5506;;Retorno;323,75
21;BELTIS COMERCIO E PRESTACAO DE SERVICOS;BELTIS;6129;5PP5HB4;10369;NOTEBOOK DELL LATITUDE 3450 CORE I7 SSD;255;SAO PAULO;;10/07/2025;5529;;Envio;348,00
21;BELTIS COMERCIO E PRESTACAO DE SERVICOS;BELTIS;6130;6QP5HB4;10369;NOTEBOOK DELL LATITUDE 3450 CORE I7 SSD;255;SAO PAULO;;10/07/2025;5529;;Envio;348,00
21;BELTIS COMERCIO E PRESTACAO DE SERVICOS;BELTIS;6133;3RP5HB4;10369;NOTEBOOK DELL LATITUDE 3450 CORE I7 SSD;255;SAO PAULO;;10/07/2025;5529;;Envio;348,00
21;BELTIS COMERCIO E PRESTACAO DE SERVICOS;BELTIS;6145;1RP5HB4;10369;NOTEBOOK DELL LATITUDE 3450 CORE I7 SSD;255;SAO PAULO;;10/07/2025;5529;;Envio;348,00
21;BELTIS COMERCIO E PRESTACAO DE SERVICOS;BELTIS;1575;PE0A8JQA;1054;NOTEBOOK LENOVO THINKPAD L14 AMD R7 PRO;44;SESCOOP;;22/07/2025;5641;;Envio;168,90
21;BELTIS COMERCIO E PRESTACAO DE SERVICOS;BELTIS;1815;PE097ZL9;1025;NOTEBOOK LENOVO THINKPAD E14 G2 CORE I5;45;SIM RASTREAMENTO;;21/07/2025;5639;;Retorno;150,00
21;BELTIS COMERCIO E PRESTACAO DE SERVICOS;BELTIS;2949;PE060EQZ;10212;NOTEBOOK LENOVO THINKPAD E14 G1 CORE I5;45;SIM RASTREAMENTO;;21/07/2025;5638;;Retorno;150,00
23;SMART TRADE TERCEIRIZACAO DE MAO DE OBRA;SMART TRADE;1342;SPE061RTW;1028;NOTEBOOK LENOVO THINKPAD E14 G1 CORE I5;46;SMART TRADE TERCEIRIZACAO DE MAO DE OBRA;*;23/07/2025;5667;;Retorno;342,50
25;TP SERVICOS DE INFORMACAO LTDA;TUDO EM PAUTA;4601;PE0CT8BQ;10269;NOTEBOOK LENOVO THINKPAD L14 G3 AMD R5 P;47;TP SERVICOS DE INFORMACAO LTDA;;02/07/2025;5430;;Envio;279,00
26;INSIGHTFUL TESTES DE SOFTWARE LTDA;INSIGHTFUL;1132;PE08P321;1025;NOTEBOOK LENOVO THINKPAD E14 G2 CORE I5;48;INSIGHTFUL TESTES DE SOFTWARE LTDA;*;04/07/2025;5450;;Retorno;223,00
26;INSIGHTFUL TESTES DE SOFTWARE LTDA;INSIGHTFUL;4130;PE0AV488;1057;NOTEBOOK LENOVO THINKPAD L14 G2 CORE I5;48;C/ 32GB;;11/07/2025;5418;;Retorno;275,00
26;INSIGHTFUL TESTES DE SOFTWARE LTDA;INSIGHTFUL;2631;PE0C39V6;10210;NOTEBOOK LENOVO THINKPAD L14 G2 CORE I5;48;C/ 32GB;;15/07/2025;5558;;Envio;275,00
26;INSIGHTFUL TESTES DE SOFTWARE LTDA;INSIGHTFUL;2869;PE0C3AAX;10210;NOTEBOOK LENOVO THINKPAD L14 G2 CORE I5;48;C/ 32GB;;16/07/2025;5559;;Envio;275,00
26;INSIGHTFUL TESTES DE SOFTWARE LTDA;INSIGHTFUL;5766;PE06FS15;10218;NOTEBOOK LENOVO THINKPAD T14 G1 CORE I5;48;C/ 32GB;;17/07/2025;5588;;Retorno;275,00
26;INSIGHTFUL TESTES DE SOFTWARE LTDA;INSIGHTFUL;2073;PE0AV89V;10210;NOTEBOOK LENOVO THINKPAD L14 G2 CORE I5;48;C/ 32GB;;18/07/2025;5505;;Envio;275,00
26;INSIGHTFUL TESTES DE SOFTWARE LTDA;INSIGHTFUL;5919;PE0AV4R5;1057;NOTEBOOK LENOVO THINKPAD L14 G2 CORE I5;48;C/ 32GB;;18/07/2025;5505;;Retorno;275,00
26;INSIGHTFUL TESTES DE SOFTWARE LTDA;INSIGHTFUL;2869;PE0C3AAX;10210;NOTEBOOK LENOVO THINKPAD L14 G2 CORE I5;48;C/ 32GB;;21/07/2025;5621;;Retorno;275,00
26;INSIGHTFUL TESTES DE SOFTWARE LTDA;INSIGHTFUL;4130;PE0AV488;1057;NOTEBOOK LENOVO THINKPAD L14 G2 CORE I5;48;C/ 32GB;;21/07/2025;5596;;Envio;275,00
26;INSIGHTFUL TESTES DE SOFTWARE LTDA;INSIGHTFUL;2071;PE0AV858;10210;NOTEBOOK LENOVO THINKPAD L14 G2 CORE I5;48;C/ 32GB;;23/07/2025;5651;;Envio;275,00
26;INSIGHTFUL TESTES DE SOFTWARE LTDA;INSIGHTFUL;2631;PE0C39V6;10210;NOTEBOOK LENOVO THINKPAD L14 G2 CORE I5;48;C/ 32GB;;23/07/2025;5681;;Retorno;275,00
26;INSIGHTFUL TESTES DE SOFTWARE LTDA;INSIGHTFUL;2869;PE0C3AAX;10210;NOTEBOOK LENOVO THINKPAD L14 G2 CORE I5;48;C/ 32GB;;30/07/2025;5725;;Envio;275,00
36;K2 PARTNERING SOLUTIONS DO BRASIL CONSUL;K2 PARTNERING SOLUTIONS;1990;PE072RLY;10212;NOTEBOOK LENOVO THINKPAD E14 G1 CORE I5;51;PRICE LIST 2;;01/07/2025;5416;;Envio;234,00
36;K2 PARTNERING SOLUTIONS DO BRASIL CONSUL;K2 PARTNERING SOLUTIONS;5627;9M08P74;10369;NOTEBOOK DELL LATITUDE 3450 CORE I7 SSD;51;PRICE LIST 2;;01/07/2025;5400;;Envio;307,80
36;K2 PARTNERING SOLUTIONS DO BRASIL CONSUL;K2 PARTNERING SOLUTIONS;5719;PE0DRCCY;10282;NOTEBOOK LENOVO THINKBOOK 14 CORE I5 SSD;51;PRICE LISTµ2;;01/07/2025;5412;;Envio;234,00
36;K2 PARTNERING SOLUTIONS DO BRASIL CONSUL;K2 PARTNERING SOLUTIONS;5764;PE06KTS0;10218;NOTEBOOK LENOVO THINKPAD T14 G1 CORE I5;51;PRICE LIST 2;;01/07/2025;5411;;Envio;234,00
36;K2 PARTNERING SOLUTIONS DO BRASIL CONSUL;K2 PARTNERING SOLUTIONS;2095;PE08T63P;1025;NOTEBOOK LENOVO THINKPAD E14 G2 CORE I5;51;K2 PARTNERING SOLUTIONS DO BRASIL CONSUL;*;02/07/2025;5359;;Retorno;260,00
36;K2 PARTNERING SOLUTIONS DO BRASIL CONSUL;K2 PARTNERING SOLUTIONS;5620;GL08P74;10369;NOTEBOOK DELL LATITUDE 3450 CORE I7 SSD;51;K2 PARTNERING SOLUTIONS DO BRASIL CONSUL;;02/07/2025;5404;;Retorno;342,00
36;K2 PARTNERING SOLUTIONS DO BRASIL CONSUL;K2 PARTNERING SOLUTIONS;5701;PE0DP931;10282;NOTEBOOK LENOVO THINKBOOK 14 CORE I5 SSD;51;K2 PARTNERING SOLUTIONS DO BRASIL CONSUL;;02/07/2025;5406;;Retorno;260,00
36;K2 PARTNERING SOLUTIONS DO BRASIL CONSUL;K2 PARTNERING SOLUTIONS;6039;SPE0EBZB4;10282;NOTEBOOK LENOVO THINKBOOK 14 CORE I5 SSD;51;PRICE LISTµ2;;02/07/2025;5421;;Envio;234,00
36;K2 PARTNERING SOLUTIONS DO BRASIL CONSUL;K2 PARTNERING SOLUTIONS;6040;SPE0EBZBW;10282;NOTEBOOK LENOVO THINKBOOK 14 CORE I5 SSD;51;PRICE LISTµ2;;02/07/2025;5429;;Envio;234,00
36;K2 PARTNERING SOLUTIONS DO BRASIL CONSUL;K2 PARTNERING SOLUTIONS;6041;SPE0EBZA7;10282;NOTEBOOK LENOVO THINKBOOK 14 CORE I5 SSD;51;PRICE LISTµ2;;02/07/2025;5433;;Envio;234,00
36;K2 PARTNERING SOLUTIONS DO BRASIL CONSUL;K2 PARTNERING SOLUTIONS;6072;SPE0EBZBV;10282;NOTEBOOK LENOVO THINKBOOK 14 CORE I5 SSD;51;PRICE LISTµ2;;02/07/2025;5434;;Envio;234,00
36;K2 PARTNERING SOLUTIONS DO BRASIL CONSUL;K2 PARTNERING SOLUTIONS;6073;SPE0EBZBE;10282;NOTEBOOK LENOVO THINKBOOK 14 CORE I5 SSD;51;PRICE LISTµ2;;02/07/2025;5436;;Envio;234,00
36;K2 PARTNERING SOLUTIONS DO BRASIL CONSUL;K2 PARTNERING SOLUTIONS;6195;PE0ECHLC;10282;NOTEBOOK LENOVO THINKBOOK 14 CORE I5 SSD;51;PRICE LISTµ2;;02/07/2025;5431;;Envio;234,00
36;K2 PARTNERING SOLUTIONS DO BRASIL CONSUL;K2 PARTNERING SOLUTIONS;1942;PE0AVZQJ;10315;NOTEBOOK LENOVO THINKPAD L14 CORE I7 SSD;51;K2 - 64GB;;03/07/2025;5452;;Envio;460,00
36;K2 PARTNERING SOLUTIONS DO BRASIL CONSUL;K2 PARTNERING SOLUTIONS;5632;8M08P74;10369;NOTEBOOK DELL LATITUDE 3450 CORE I7 SSD;51;PRICE LIST 2;;03/07/2025;5443;;Envio;307,80
36;K2 PARTNERING SOLUTIONS DO BRASIL CONSUL;K2 PARTNERING SOLUTIONS;6067;SPE0EA132;10282;NOTEBOOK LENOVO THINKBOOK 14 CORE I5 SSD;51;PRICE LISTµ2;;03/07/2025;5444;;Envio;234,00
36;K2 PARTNERING SOLUTIONS DO BRASIL CONSUL;K2 PARTNERING SOLUTIONS;1392;210AZER12964;3032;MONITOR 19.5 LED LG 20MK400H;51;K2 PARTNERING SOLUTIONS DO BRASIL CONSUL;;04/07/2025;5438;;Retorno;59,00
36;K2 PARTNERING SOLUTIONS DO BRASIL CONSUL;K2 PARTNERING SOLUTIONS;4758;PE0CV28T;1067;NOTEBOOK LENOVO THINKPAD E14 G4 CORE I5;51;K2 PARTNERING SOLUTIONS DO BRASIL CONSUL;;04/07/2025;5442;;Retorno;260,00
36;K2 PARTNERING SOLUTIONS DO BRASIL CONSUL;K2 PARTNERING SOLUTIONS;6086;SPE0EA12C;10282;NOTEBOOK LENOVO THINKBOOK 14 CORE I5 SSD;51;PRICE LISTµ2;;04/07/2025;5458;;Envio;234,00
36;K2 PARTNERING SOLUTIONS DO BRASIL CONSUL;K2 PARTNERING SOLUTIONS;1956;PE0AVZFR;10318;NOTEBOOK LENOVO THINKPAD L14 CORE I7 SSD;51;K2 PARTNERING SOLUTIONS DO BRASIL CONSUL;;07/07/2025;5504;;Retorno;342,00
36;K2 PARTNERING SOLUTIONS DO BRASIL CONSUL;K2 PARTNERING SOLUTIONS;2801;H5MTW14;10260;NOTEBOOK DELL LATITUDE 3440 CORE I5 SSD;51;PRICE LIST 2;;07/07/2025;5455;;Envio;234,00
36;K2 PARTNERING SOLUTIONS DO BRASIL CONSUL;K2 PARTNERING SOLUTIONS;4195;PE0CJ4H2;1067;NOTEBOOK LENOVO THINKPAD E14 G4 CORE I5;51;PRICE LIST 2;;07/07/2025;5465;;Envio;234,00
36;K2 PARTNERING SOLUTIONS DO BRASIL CONSUL;K2 PARTNERING SOLUTIONS;6087;SPE0EBZBG;10282;NOTEBOOK LENOVO THINKBOOK 14 CORE I5 SSD;51;PRICE LISTµ2;;07/07/2025;5395;;Envio;234,00
36;K2 PARTNERING SOLUTIONS DO BRASIL CONSUL;K2 PARTNERING SOLUTIONS;6088;SPE0EBZB0;10282;NOTEBOOK LENOVO THINKBOOK 14 CORE I5 SSD;51;PRICE LISTµ2;;07/07/2025;5473;;Envio;234,00
36;K2 PARTNERING SOLUTIONS DO BRASIL CONSUL;K2 PARTNERING SOLUTIONS;6299;CFWVM3;10314;NOTEBOOK DELL LATITUDE 3420 CORE I7 SSD;51;K2 - 64GB RAM;;07/07/2025;5402;;Envio;460,00
36;K2 PARTNERING SOLUTIONS DO BRASIL CONSUL;K2 PARTNERING SOLUTIONS;4368;GTN5Z34;10260;NOTEBOOK DELL LATITUDE 3440 CORE I5 SSD;51;K2 PARTNERING SOLUTIONS DO BRASIL CONSUL;;08/07/2025;5464;;Retorno;260,00
36;K2 PARTNERING SOLUTIONS DO BRASIL CONSUL;K2 PARTNERING SOLUTIONS;6051;SPE0EBZBL;10282;NOTEBOOK LENOVO THINKBOOK 14 CORE I5 SSD;51;PRICE LISTµ2;;10/07/2025;5528;;Envio;234,00
36;K2 PARTNERING SOLUTIONS DO BRASIL CONSUL;K2 PARTNERING SOLUTIONS;6089;SPE0EBZAY;10282;NOTEBOOK LENOVO THINKBOOK 14 CORE I5 SSD;51;PRICE LISTµ2;;10/07/2025;5527;;Envio;234,00
36;K2 PARTNERING SOLUTIONS DO BRASIL CONSUL;K2 PARTNERING SOLUTIONS;1019;PE07D1E4;1025;NOTEBOOK LENOVO THINKPAD E14 G2 CORE I5;51;PRICE LIST 2;;11/07/2025;5413;;Envio;234,00
36;K2 PARTNERING SOLUTIONS DO BRASIL CONSUL;K2 PARTNERING SOLUTIONS;1399;6J115V3;10226;NOTEBOOK DELL LATITUDE 5420 CORE I5 SSD;51;K2 PARTNERING SOLUTIONS DO BRASIL CONSUL;*;11/07/2025;5441;;Retorno;340,00
36;K2 PARTNERING SOLUTIONS DO BRASIL CONSUL;K2 PARTNERING SOLUTIONS;1578;PE0A8JQ3;1054;NOTEBOOK LENOVO THINKPAD L14 AMD R7 PRO;51;K2 PARTNERING SOLUTIONS DO BRASIL CONSUL;;11/07/2025;5427;;Retorno;342,00
36;K2 PARTNERING SOLUTIONS DO BRASIL CONSUL;K2 PARTNERING SOLUTIONS;1942;PE0AVZQJ;10315;NOTEBOOK LENOVO THINKPAD L14 CORE I7 SSD;51;K2 - 64GB;;11/07/2025;5511;;Retorno;460,00
36;K2 PARTNERING SOLUTIONS DO BRASIL CONSUL;K2 PARTNERING SOLUTIONS;2330;SPE0BXG0X;1067;NOTEBOOK LENOVO THINKPAD E14 G4 CORE I5;51;K2 PARTNERING SOLUTIONS DO BRASIL CONSUL;;11/07/2025;5345;;Retorno;260,00
36;K2 PARTNERING SOLUTIONS DO BRASIL CONSUL;K2 PARTNERING SOLUTIONS;2631;PE0C39V6;10210;NOTEBOOK LENOVO THINKPAD L14 G2 CORE I5;51;K2 PARTNERING SOLUTIONS DO BRASIL CONSUL;;11/07/2025;5453;;Retorno;260,00
36;K2 PARTNERING SOLUTIONS DO BRASIL CONSUL;K2 PARTNERING SOLUTIONS;4052;PE09A388;1025;NOTEBOOK LENOVO THINKPAD E14 G2 CORE I5;51;PRICE LIST 2;;11/07/2025;5524;;Retorno;234,00
36;K2 PARTNERING SOLUTIONS DO BRASIL CONSUL;K2 PARTNERING SOLUTIONS;4052;PE09A388;1025;NOTEBOOK LENOVO THINKPAD E14 G2 CORE I5;51;PRICE LIST 2;;11/07/2025;5546;;Envio;234,00
36;K2 PARTNERING SOLUTIONS DO BRASIL CONSUL;K2 PARTNERING SOLUTIONS;5702;PE0DP9WV;10282;NOTEBOOK LENOVO THINKBOOK 14 CORE I5 SSD;51;K2 PARTNERING SOLUTIONS DO BRASIL CONSUL;;11/07/2025;5405;;Retorno;260,00
36;K2 PARTNERING SOLUTIONS DO BRASIL CONSUL;K2 PARTNERING SOLUTIONS;6033;SPE0EBZBZ;10282;NOTEBOOK LENOVO THINKBOOK 14 CORE I5 SSD;51;PRICE LISTµ2;;11/07/2025;5474;;Envio;234,00
36;K2 PARTNERING SOLUTIONS DO BRASIL CONSUL;K2 PARTNERING SOLUTIONS;6144;JQP5HB4;10369;NOTEBOOK DELL LATITUDE 3450 CORE I7 SSD;51;K2 - 64GB;;11/07/2025;5511;;Envio;460,00
36;K2 PARTNERING SOLUTIONS DO BRASIL CONSUL;K2 PARTNERING SOLUTIONS;6155;HQP5HB4;10369;NOTEBOOK DELL LATITUDE 3450 CORE I7 SSD;51;PRICE LIST 2;;11/07/2025;5545;;Envio;307,80
36;K2 PARTNERING SOLUTIONS DO BRASIL CONSUL;K2 PARTNERING SOLUTIONS;1266;PE09ENKF;1026;NOTEBOOK LENOVO THINKPAD E14 G2 CORE I5;51;K2 PARTNERING SOLUTIONS DO BRASIL CONSUL;;14/07/2025;5340;;Envio;260,00
36;K2 PARTNERING SOLUTIONS DO BRASIL CONSUL;K2 PARTNERING SOLUTIONS;1697;PE09EN7T;1022;NOTEBOOK LENOVO THINKPAD E14 G2 CORE I5;51;PRICE LIST 2 - 16GB;;14/07/2025;5555;;Envio;234,00
36;K2 PARTNERING SOLUTIONS DO BRASIL CONSUL;K2 PARTNERING SOLUTIONS;1700;PE0AAD77;1022;NOTEBOOK LENOVO THINKPAD E14 G2 CORE I5;51;PRICE LIST 2 - 16GB;;14/07/2025;5456;;Envio;234,00
36;K2 PARTNERING SOLUTIONS DO BRASIL CONSUL;K2 PARTNERING SOLUTIONS;2100;PE0AAD94;1025;NOTEBOOK LENOVO THINKPAD E14 G2 CORE I5;51;K2 PARTNERING SOLUTIONS DO BRASIL CONSUL;*;14/07/2025;5340;;Retorno;260,00
36;K2 PARTNERING SOLUTIONS DO BRASIL CONSUL;K2 PARTNERING SOLUTIONS;2211;PE0AVZV9;10315;NOTEBOOK LENOVO THINKPAD L14 CORE I7 SSD;51;K2 - 64GB;;14/07/2025;5552;;Retorno;460,00
36;K2 PARTNERING SOLUTIONS DO BRASIL CONSUL;K2 PARTNERING SOLUTIONS;2300;F7MDYX3;10316;NOTEBOOK DELL LATITUDE 3420 CORE I7 SSD;51;K2 PARTNERING SOLUTIONS DO BRASIL CONSUL;;14/07/2025;5463;;Retorno;342,00
36;K2 PARTNERING SOLUTIONS DO BRASIL CONSUL;K2 PARTNERING SOLUTIONS;4168;BR0YV232TVB0044R0KNL;3067;MONITOR DELL 24 P2422H;51;LOTE PONTUAL - 5 PECAS;;14/07/2025;5538;;Retorno;51,00
36;K2 PARTNERING SOLUTIONS DO BRASIL CONSUL;K2 PARTNERING SOLUTIONS;4208;PE0CJCG5;1067;NOTEBOOK LENOVO THINKPAD E14 G4 CORE I5;51;PRICE LIST 2;;14/07/2025;5468;;Envio;234,00
36;K2 PARTNERING SOLUTIONS DO BRASIL CONSUL;K2 PARTNERING SOLUTIONS;5411;PE0DP940;10282;NOTEBOOK LENOVO THINKBOOK 14 CORE I5 SSD;51;K2 PARTNERING SOLUTIONS DO BRASIL CONSUL;;14/07/2025;5503;;Retorno;260,00
36;K2 PARTNERING SOLUTIONS DO BRASIL CONSUL;K2 PARTNERING SOLUTIONS;5584;FN08P74;10369;NOTEBOOK DELL LATITUDE 3450 CORE I7 SSD;51;PRICE LIST 2;;14/07/2025;5537;;Retorno;307,80
36;K2 PARTNERING SOLUTIONS DO BRASIL CONSUL;K2 PARTNERING SOLUTIONS;5701;PE0DP931;10282;NOTEBOOK LENOVO THINKBOOK 14 CORE I5 SSD;51;PRICE LISTµ2;;14/07/2025;5551;;Envio;234,00
36;K2 PARTNERING SOLUTIONS DO BRASIL CONSUL;K2 PARTNERING SOLUTIONS;1229;PE09ENMR;1025;NOTEBOOK LENOVO THINKPAD E14 G2 CORE I5;51;PRICE LIST 2;;15/07/2025;5547;;Envio;234,00
36;K2 PARTNERING SOLUTIONS DO BRASIL CONSUL;K2 PARTNERING SOLUTIONS;1816;PE099L77;1025;NOTEBOOK LENOVO THINKPAD E14 G2 CORE I5;51;K2 PARTNERING SOLUTIONS DO BRASIL CONSUL;*;15/07/2025;5522;;Retorno;260,00
36;K2 PARTNERING SOLUTIONS DO BRASIL CONSUL;K2 PARTNERING SOLUTIONS;2286;PE0BXFYJ;1070;NOTEBOOK LENOVO THINKPAD E14 G4 CORE I5;51;K2 PARTNERING SOLUTIONS DO BRASIL CONSUL;;15/07/2025;5578;;Retorno;260,00
36;K2 PARTNERING SOLUTIONS DO BRASIL CONSUL;K2 PARTNERING SOLUTIONS;5523;PE0DPA9C;10282;NOTEBOOK LENOVO THINKBOOK 14 CORE I5 SSD;51;PRICE LISTµ2;;15/07/2025;5565;;Envio;234,00
36;K2 PARTNERING SOLUTIONS DO BRASIL CONSUL;K2 PARTNERING SOLUTIONS;1125;PE06Z2TM;10212;NOTEBOOK LENOVO THINKPAD E14 G1 CORE I5;51;PRICE LIST 2;;16/07/2025;5401;;Envio;234,00
36;K2 PARTNERING SOLUTIONS DO BRASIL CONSUL;K2 PARTNERING SOLUTIONS;1744;PE099CRG;1025;NOTEBOOK LENOVO THINKPAD E14 G2 CORE I5;51;PRICE LIST 2;;16/07/2025;5557;;Envio;234,00
36;K2 PARTNERING SOLUTIONS DO BRASIL CONSUL;K2 PARTNERING SOLUTIONS;2148;PE09R4X0;10232;NOTEBOOK LENOVO THINKPAD T14 G2 CORE I5;51;K2 PARTNERING SOLUTIONS DO BRASIL CONSUL;;16/07/2025;5586;;Retorno;260,00
36;K2 PARTNERING SOLUTIONS DO BRASIL CONSUL;K2 PARTNERING SOLUTIONS;2156;PE0AAC1H;1054;NOTEBOOK LENOVO THINKPAD L14 AMD R7 PRO;51;K2 PARTNERING SOLUTIONS DO BRASIL CONSUL;;16/07/2025;5593;;Retorno;342,00
36;K2 PARTNERING SOLUTIONS DO BRASIL CONSUL;K2 PARTNERING SOLUTIONS;2330;SPE0BXG0X;1067;NOTEBOOK LENOVO THINKPAD E14 G4 CORE I5;51;K2 PARTNERING SOLUTIONS DO BRASIL CONSUL;;16/07/2025;5567;;Envio;260,00
36;K2 PARTNERING SOLUTIONS DO BRASIL CONSUL;K2 PARTNERING SOLUTIONS;2556;PE0C0GM1;1067;NOTEBOOK LENOVO THINKPAD E14 G4 CORE I5;51;PRICE LIST 2;;16/07/2025;5569;;Envio;234,00
36;K2 PARTNERING SOLUTIONS DO BRASIL CONSUL;K2 PARTNERING SOLUTIONS;3434;PE0C7TL3;1067;NOTEBOOK LENOVO THINKPAD E14 G4 CORE I5;51;PRICE LIST 2;;16/07/2025;5568;;Envio;234,00
36;K2 PARTNERING SOLUTIONS DO BRASIL CONSUL;K2 PARTNERING SOLUTIONS;4832;PE0D8P9W;10272;NOTEBOOK LENOVO THINKPAD E14 G6  ULTRA 5;51;K2 PARTNERING SOLUTIONS DO BRASIL CONSUL;;16/07/2025;5591;;Retorno;260,00
36;K2 PARTNERING SOLUTIONS DO BRASIL CONSUL;K2 PARTNERING SOLUTIONS;5493;4PQ06V3;10226;NOTEBOOK DELL LATITUDE 5420 CORE I5 SSD;51;K2 PARTNERING SOLUTIONS DO BRASIL CONSUL;*;16/07/2025;5580;;Envio;340,00
36;K2 PARTNERING SOLUTIONS DO BRASIL CONSUL;K2 PARTNERING SOLUTIONS;5768;PE06KTSN;10218;NOTEBOOK LENOVO THINKPAD T14 G1 CORE I5;51;K2 PARTNERING SOLUTIONS DO BRASIL CONSUL;;16/07/2025;5585;;Retorno;326,00
36;K2 PARTNERING SOLUTIONS DO BRASIL CONSUL;K2 PARTNERING SOLUTIONS;5846;PE0CVQZB;1025;NOTEBOOK LENOVO THINKPAD E14 G2 CORE I5;51;K2 PARTNERING SOLUTIONS DO BRASIL CONSUL;*;16/07/2025;5567;;Retorno;260,00
36;K2 PARTNERING SOLUTIONS DO BRASIL CONSUL;K2 PARTNERING SOLUTIONS;6220;PE0EC4L9;10282;NOTEBOOK LENOVO THINKBOOK 14 CORE I5 SSD;51;PRICE LISTµ2;;16/07/2025;5584;;Envio;234,00
36;K2 PARTNERING SOLUTIONS DO BRASIL CONSUL;K2 PARTNERING SOLUTIONS;6257;PE0EA0GF;10282;NOTEBOOK LENOVO THINKBOOK 14 CORE I5 SSD;51;PRICE LISTµ2;;16/07/2025;5575;;Envio;234,00
36;K2 PARTNERING SOLUTIONS DO BRASIL CONSUL;K2 PARTNERING SOLUTIONS;6258;PE0EA0G6;10282;NOTEBOOK LENOVO THINKBOOK 14 CORE I5 SSD;51;PRICE LISTµ2;;16/07/2025;5576;;Envio;234,00
36;K2 PARTNERING SOLUTIONS DO BRASIL CONSUL;K2 PARTNERING SOLUTIONS;1221;PE09ENN3;1025;NOTEBOOK LENOVO THINKPAD E14 G2 CORE I5;51;K2 PARTNERING SOLUTIONS DO BRASIL CONSUL;*;17/07/2025;5523;;Retorno;260,00
36;K2 PARTNERING SOLUTIONS DO BRASIL CONSUL;K2 PARTNERING SOLUTIONS;6241;PE0EAEGG;10282;NOTEBOOK LENOVO THINKBOOK 14 CORE I5 SSD;51;PRICE LISTµ2;;17/07/2025;5574;;Envio;234,00
36;K2 PARTNERING SOLUTIONS DO BRASIL CONSUL;K2 PARTNERING SOLUTIONS;6260;PE0EA0FZ;10282;NOTEBOOK LENOVO THINKBOOK 14 CORE I5 SSD;51;PRICE LISTµ2;;17/07/2025;5581;;Envio;234,00
36;K2 PARTNERING SOLUTIONS DO BRASIL CONSUL;K2 PARTNERING SOLUTIONS;6263;PE0EC4C8;10282;NOTEBOOK LENOVO THINKBOOK 14 CORE I5 SSD;51;PRICE LISTµ2;;17/07/2025;5603;;Envio;234,00
36;K2 PARTNERING SOLUTIONS DO BRASIL CONSUL;K2 PARTNERING SOLUTIONS;6266;PE0EC4C4;10282;NOTEBOOK LENOVO THINKBOOK 14 CORE I5 SSD;51;PRICE LISTµ2;;17/07/2025;5604;;Envio;234,00
36;K2 PARTNERING SOLUTIONS DO BRASIL CONSUL;K2 PARTNERING SOLUTIONS;1019;PE07D1E4;1025;NOTEBOOK LENOVO THINKPAD E14 G2 CORE I5;51;PRICE LIST 2;;18/07/2025;5598;;Retorno;234,00
36;K2 PARTNERING SOLUTIONS DO BRASIL CONSUL;K2 PARTNERING SOLUTIONS;2071;PE0AV858;10210;NOTEBOOK LENOVO THINKPAD L14 G2 CORE I5;51;K2 PARTNERING SOLUTIONS DO BRASIL CONSUL;;18/07/2025;5437;;Retorno;260,00
36;K2 PARTNERING SOLUTIONS DO BRASIL CONSUL;K2 PARTNERING SOLUTIONS;4207;PE0CJCDH;1067;NOTEBOOK LENOVO THINKPAD E14 G4 CORE I5;51;K2 PARTNERING SOLUTIONS DO BRASIL CONSUL;;18/07/2025;5598;;Envio;260,00
36;K2 PARTNERING SOLUTIONS DO BRASIL CONSUL;K2 PARTNERING SOLUTIONS;6068;SPE0EBZB7;10282;NOTEBOOK LENOVO THINKBOOK 14 CORE I5 SSD;51;PRICE LISTµ2;;18/07/2025;5613;;Envio;234,00
36;K2 PARTNERING SOLUTIONS DO BRASIL CONSUL;K2 PARTNERING SOLUTIONS;1254;PE09EP8T;1025;NOTEBOOK LENOVO THINKPAD E14 G2 CORE I5;51;K2 PARTNERING SOLUTIONS DO BRASIL CONSUL;*;21/07/2025;5636;;Retorno;260,00
36;K2 PARTNERING SOLUTIONS DO BRASIL CONSUL;K2 PARTNERING SOLUTIONS;1293;SPE061RP3;10212;NOTEBOOK LENOVO THINKPAD E14 G1 CORE I5;51;K2 PARTNERING SOLUTIONS DO BRASIL CONSUL;*;21/07/2025;5632;;Retorno;260,00
36;K2 PARTNERING SOLUTIONS DO BRASIL CONSUL;K2 PARTNERING SOLUTIONS;1315;PE07D1F3;1022;NOTEBOOK LENOVO THINKPAD E14 G2 CORE I5;51;K2 PARTNERING SOLUTIONS DO BRASIL CONSUL;*;21/07/2025;5635;;Retorno;219,00
36;K2 PARTNERING SOLUTIONS DO BRASIL CONSUL;K2 PARTNERING SOLUTIONS;1382;PE07D1BR;1022;NOTEBOOK LENOVO THINKPAD E14 G2 CORE I5;51;PRICE LIST 2 - 16GB;;21/07/2025;5548;;Envio;234,00
36;K2 PARTNERING SOLUTIONS DO BRASIL CONSUL;K2 PARTNERING SOLUTIONS;1400;GJ115V3;10226;NOTEBOOK DELL LATITUDE 5420 CORE I5 SSD;51;K2 PARTNERING SOLUTIONS DO BRASIL CONSUL;*;21/07/2025;5634;;Retorno;340,00
36;K2 PARTNERING SOLUTIONS DO BRASIL CONSUL;K2 PARTNERING SOLUTIONS;1408;662GMJ3;1036;NOTEBOOK DELL LATITUDE 5420 CORE I7 SSD;51;K2 PARTNERING SOLUTIONS DO BRASIL CONSUL;*;21/07/2025;5631;;Retorno;407,00
36;K2 PARTNERING SOLUTIONS DO BRASIL CONSUL;K2 PARTNERING SOLUTIONS;2114;PE0AAC66;1054;NOTEBOOK LENOVO THINKPAD L14 AMD R7 PRO;51;PRICE LIST 2 - 64GB;;21/07/2025;5572;;Envio;460,00
36;K2 PARTNERING SOLUTIONS DO BRASIL CONSUL;K2 PARTNERING SOLUTIONS;2226;4NQ06V3;10226;NOTEBOOK DELL LATITUDE 5420 CORE I5 SSD;51;K2 PARTNERING SOLUTIONS DO BRASIL CONSUL;*;21/07/2025;5633;;Retorno;340,00
36;K2 PARTNERING SOLUTIONS DO BRASIL CONSUL;K2 PARTNERING SOLUTIONS;5411;PE0DP940;10282;NOTEBOOK LENOVO THINKBOOK 14 CORE I5 SSD;51;PRICE LISTµ2;;21/07/2025;5608;;Envio;234,00
36;K2 PARTNERING SOLUTIONS DO BRASIL CONSUL;K2 PARTNERING SOLUTIONS;5533;PE0DP9NL;10282;NOTEBOOK LENOVO THINKBOOK 14 CORE I5 SSD;51;PRICE LISTµ2;;21/07/2025;5595;;Envio;234,00
36;K2 PARTNERING SOLUTIONS DO BRASIL CONSUL;K2 PARTNERING SOLUTIONS;5906;PE08LSF8;1022;NOTEBOOK LENOVO THINKPAD E14 G2 CORE I5;51;PRICE LIST 2 - 16GB;;21/07/2025;5637;;Retorno;234,00
36;K2 PARTNERING SOLUTIONS DO BRASIL CONSUL;K2 PARTNERING SOLUTIONS;2335;PE0BXG0K;1067;NOTEBOOK LENOVO THINKPAD E14 G4 CORE I5;51;K2 PARTNERING SOLUTIONS DO BRASIL CONSUL;;22/07/2025;5663;;Retorno;260,00
36;K2 PARTNERING SOLUTIONS DO BRASIL CONSUL;K2 PARTNERING SOLUTIONS;5846;PE0CVQZB;1025;NOTEBOOK LENOVO THINKPAD E14 G2 CORE I5;51;PRICE LIST 2;;22/07/2025;5657;;Envio;234,00
36;K2 PARTNERING SOLUTIONS DO BRASIL CONSUL;K2 PARTNERING SOLUTIONS;1060;SPE061REV;1028;NOTEBOOK LENOVO THINKPAD E14 G1 CORE I5;51;PRICE LIST 2 - 16GB;;23/07/2025;5658;;Envio;234,00
36;K2 PARTNERING SOLUTIONS DO BRASIL CONSUL;K2 PARTNERING SOLUTIONS;1725;PE0AW00Z;10315;NOTEBOOK LENOVO THINKPAD L14 CORE I7 SSD;51;K2 - 64GB;;23/07/2025;5659;;Envio;460,00
36;K2 PARTNERING SOLUTIONS DO BRASIL CONSUL;K2 PARTNERING SOLUTIONS;1792;PE0AW04V;10315;NOTEBOOK LENOVO THINKPAD L14 CORE I7 SSD;51;K2 - 64GB;;23/07/2025;5661;;Envio;460,00
36;K2 PARTNERING SOLUTIONS DO BRASIL CONSUL;K2 PARTNERING SOLUTIONS;1956;PE0AVZFR;10318;NOTEBOOK LENOVO THINKPAD L14 CORE I7 SSD;51;K2 - 64GB;;23/07/2025;5660;;Envio;460,00
36;K2 PARTNERING SOLUTIONS DO BRASIL CONSUL;K2 PARTNERING SOLUTIONS;2146;PE09R4PV;10232;NOTEBOOK LENOVO THINKPAD T14 G2 CORE I5;51;PRICE LIST 2;;23/07/2025;5647;;Envio;234,00
36;K2 PARTNERING SOLUTIONS DO BRASIL CONSUL;K2 PARTNERING SOLUTIONS;5526;PE0DP9MY;10282;NOTEBOOK LENOVO THINKBOOK 14 CORE I5 SSD;51;PRICE LISTµ2;;23/07/2025;5671;;Envio;234,00
36;K2 PARTNERING SOLUTIONS DO BRASIL CONSUL;K2 PARTNERING SOLUTIONS;5666;PE0DP9Y5;10282;NOTEBOOK LENOVO THINKBOOK 14 CORE I5 SSD;51;PRICE LISTµ2;;23/07/2025;5669;;Envio;234,00
36;K2 PARTNERING SOLUTIONS DO BRASIL CONSUL;K2 PARTNERING SOLUTIONS;5702;PE0DP9WV;10282;NOTEBOOK LENOVO THINKBOOK 14 CORE I5 SSD;51;PRICE LISTµ2;;23/07/2025;5677;;Envio;234,00
36;K2 PARTNERING SOLUTIONS DO BRASIL CONSUL;K2 PARTNERING SOLUTIONS;1413;CMQ06V3;10226;NOTEBOOK DELL LATITUDE 5420 CORE I5 SSD;51;K2 PARTNERING SOLUTIONS DO BRASIL CONSUL;*;24/07/2025;5685;;Retorno;340,00
36;K2 PARTNERING SOLUTIONS DO BRASIL CONSUL;K2 PARTNERING SOLUTIONS;4307;PE0CJBXC;1067;NOTEBOOK LENOVO THINKPAD E14 G4 CORE I5;51;PRICE LIST 2;;24/07/2025;5672;;Envio;234,00
36;K2 PARTNERING SOLUTIONS DO BRASIL CONSUL;K2 PARTNERING SOLUTIONS;4493;9HBHXT3;3067;MONITOR DELL 24 P2422H;51;LOTE PONTUAL - 5 PECAS;;24/07/2025;5684;;Retorno;51,00
36;K2 PARTNERING SOLUTIONS DO BRASIL CONSUL;K2 PARTNERING SOLUTIONS;4692;PE0C7T3K;1067;NOTEBOOK LENOVO THINKPAD E14 G4 CORE I5;51;PRICE LIST 2;;24/07/2025;5674;;Envio;234,00
36;K2 PARTNERING SOLUTIONS DO BRASIL CONSUL;K2 PARTNERING SOLUTIONS;5010;PE0D8C9Q;10273;NOTEBOOK LENOVO THINKPAD E14 G5 AMD R5 P;51;K2 PARTNERING SOLUTIONS DO BRASIL CONSUL;;24/07/2025;5686;;Retorno;260,00
36;K2 PARTNERING SOLUTIONS DO BRASIL CONSUL;K2 PARTNERING SOLUTIONS;5401;PE0DP92W;10282;NOTEBOOK LENOVO THINKBOOK 14 CORE I5 SSD;51;K2 PARTNERING SOLUTIONS DO BRASIL CONSUL;;24/07/2025;5687;;Retorno;260,00
36;K2 PARTNERING SOLUTIONS DO BRASIL CONSUL;K2 PARTNERING SOLUTIONS;5605;JN08P74;10369;NOTEBOOK DELL LATITUDE 3450 CORE I7 SSD;51;PRICE LIST 2;;24/07/2025;5682;;Retorno;307,80
36;K2 PARTNERING SOLUTIONS DO BRASIL CONSUL;K2 PARTNERING SOLUTIONS;6087;SPE0EBZBG;10282;NOTEBOOK LENOVO THINKBOOK 14 CORE I5 SSD;51;PRICE LISTµ2;;24/07/2025;5691;;Retorno;234,00
36;K2 PARTNERING SOLUTIONS DO BRASIL CONSUL;K2 PARTNERING SOLUTIONS;6150;JPP5HB4;10369;NOTEBOOK DELL LATITUDE 3450 CORE I7 SSD;51;PRICE LIST 2;;24/07/2025;5600;;Envio;307,80
36;K2 PARTNERING SOLUTIONS DO BRASIL CONSUL;K2 PARTNERING SOLUTIONS;4350;PE0CJCAH;10334;NOTEBOOK LENOVO THINKPAD E14 G4 CORE I7;51;PRICE LIST 2;;25/07/2025;5650;;Envio;307,80
36;K2 PARTNERING SOLUTIONS DO BRASIL CONSUL;K2 PARTNERING SOLUTIONS;4680;PE0C7T33;1067;NOTEBOOK LENOVO THINKPAD E14 G4 CORE I5;51;PRICE LIST 2;;28/07/2025;5570;;Envio;234,00
36;K2 PARTNERING SOLUTIONS DO BRASIL CONSUL;K2 PARTNERING SOLUTIONS;5809;GRBBH94;10287;NOTEBOOK DELL LATITUDE 3450 CORE I5 SSD;51;PRICE LIST 2;;28/07/2025;5630;;Envio;234,00
36;K2 PARTNERING SOLUTIONS DO BRASIL CONSUL;K2 PARTNERING SOLUTIONS;5858;PE0CCS4K;1067;NOTEBOOK LENOVO THINKPAD E14 G4 CORE I5;51;PRICE LIST 2;;28/07/2025;5673;;Envio;234,00
36;K2 PARTNERING SOLUTIONS DO BRASIL CONSUL;K2 PARTNERING SOLUTIONS;6053;SPE0EBZB9;10282;NOTEBOOK LENOVO THINKBOOK 14 CORE I5 SSD;51;PRICE LISTµ2;;28/07/2025;5708;;Envio;234,00
36;K2 PARTNERING SOLUTIONS DO BRASIL CONSUL;K2 PARTNERING SOLUTIONS;6078;SPE0EBZAK;10282;NOTEBOOK LENOVO THINKBOOK 14 CORE I5 SSD;51;PRICE LISTµ2;;28/07/2025;5707;;Envio;234,00
36;K2 PARTNERING SOLUTIONS DO BRASIL CONSUL;K2 PARTNERING SOLUTIONS;6139;CPP5HB4;10369;NOTEBOOK DELL LATITUDE 3450 CORE I7 SSD;51;PRICE LIST 2;;28/07/2025;5709;;Envio;307,80
36;K2 PARTNERING SOLUTIONS DO BRASIL CONSUL;K2 PARTNERING SOLUTIONS;6261;PE0EA0FR;10282;NOTEBOOK LENOVO THINKBOOK 14 CORE I5 SSD;51;PRICE LIST 2 - 24GB;;28/07/2025;5700;;Envio;254,00
36;K2 PARTNERING SOLUTIONS DO BRASIL CONSUL;K2 PARTNERING SOLUTIONS;1582;PE099CS3;1025;NOTEBOOK LENOVO THINKPAD E14 G2 CORE I5;51;K2 PARTNERING SOLUTIONS DO BRASIL CONSUL;*;29/07/2025;5730;;Retorno;260,00
36;K2 PARTNERING SOLUTIONS DO BRASIL CONSUL;K2 PARTNERING SOLUTIONS;1940;PE0AVZQE;10318;NOTEBOOK LENOVO THINKPAD L14 CORE I7 SSD;51;PRICE LIST 2 - 32GB;;29/07/2025;5724;;Retorno;347,80
36;K2 PARTNERING SOLUTIONS DO BRASIL CONSUL;K2 PARTNERING SOLUTIONS;4967;98X4T64;10278;NOTEBOOK DELL LATITUDE 3450 CORE I5 SSD;51;K2 PARTNERING SOLUTIONS DO BRASIL CONSUL;;29/07/2025;5692;;Envio;260,00
36;K2 PARTNERING SOLUTIONS DO BRASIL CONSUL;K2 PARTNERING SOLUTIONS;5802;1SBBH94;10287;NOTEBOOK DELL LATITUDE 3450 CORE I5 SSD;51;PRICE LIST 2;;29/07/2025;5692;;Retorno;234,00
36;K2 PARTNERING SOLUTIONS DO BRASIL CONSUL;K2 PARTNERING SOLUTIONS;5880;PE0D9PE4;10356;NOTEBOOK LENOVO THINKPAD E14 G5 AMD R7 P;51;PRICE LIST 2;;29/07/2025;5694;;Envio;307,80
36;K2 PARTNERING SOLUTIONS DO BRASIL CONSUL;K2 PARTNERING SOLUTIONS;6054;SPE0EBZBC;10282;NOTEBOOK LENOVO THINKBOOK 14 CORE I5 SSD;51;PRICE LISTµ2;;29/07/2025;5710;;Envio;234,00
36;K2 PARTNERING SOLUTIONS DO BRASIL CONSUL;K2 PARTNERING SOLUTIONS;6081;SPE0EBZA9;10282;NOTEBOOK LENOVO THINKBOOK 14 CORE I5 SSD;51;PRICE LISTµ2;;29/07/2025;5712;;Envio;234,00
36;K2 PARTNERING SOLUTIONS DO BRASIL CONSUL;K2 PARTNERING SOLUTIONS;6279;PE0EAEGW;10282;NOTEBOOK LENOVO THINKBOOK 14 CORE I5 SSD;51;PRICE LIST 2 - 24GB;;29/07/2025;5705;;Envio;254,00
36;K2 PARTNERING SOLUTIONS DO BRASIL CONSUL;K2 PARTNERING SOLUTIONS;1334;PE06S9ND;10212;NOTEBOOK LENOVO THINKPAD E14 G1 CORE I5;51;K2 PARTNERING SOLUTIONS DO BRASIL CONSUL;*;30/07/2025;5754;;Retorno;260,00
36;K2 PARTNERING SOLUTIONS DO BRASIL CONSUL;K2 PARTNERING SOLUTIONS;1510;2NQ06V3;10226;NOTEBOOK DELL LATITUDE 5420 CORE I5 SSD;51;K2 PARTNERING SOLUTIONS DO BRASIL CONSUL;*;30/07/2025;5752;;Retorno;340,00
36;K2 PARTNERING SOLUTIONS DO BRASIL CONSUL;K2 PARTNERING SOLUTIONS;2054;PE0AV843;10210;NOTEBOOK LENOVO THINKPAD L14 G2 CORE I5;51;K2 PARTNERING SOLUTIONS DO BRASIL CONSUL;;30/07/2025;5760;;Retorno;260,00
36;K2 PARTNERING SOLUTIONS DO BRASIL CONSUL;K2 PARTNERING SOLUTIONS;5416;PE0DP92H;10282;NOTEBOOK LENOVO THINKBOOK 14 CORE I5 SSD;51;K2 PARTNERING SOLUTIONS DO BRASIL CONSUL;;30/07/2025;5759;;Retorno;260,00
36;K2 PARTNERING SOLUTIONS DO BRASIL CONSUL;K2 PARTNERING SOLUTIONS;5553;PE0DPA8B;10282;NOTEBOOK LENOVO THINKBOOK 14 CORE I5 SSD;51;K2 PARTNERING SOLUTIONS DO BRASIL CONSUL;;30/07/2025;5751;;Retorno;260,00
36;K2 PARTNERING SOLUTIONS DO BRASIL CONSUL;K2 PARTNERING SOLUTIONS;5626;CN08P74;10369;NOTEBOOK DELL LATITUDE 3450 CORE I7 SSD;51;K2 - 64GB;;30/07/2025;5750;;Retorno;460,00
36;K2 PARTNERING SOLUTIONS DO BRASIL CONSUL;K2 PARTNERING SOLUTIONS;6322;CW2JQF3;1036;NOTEBOOK DELL LATITUDE 5420 CORE I7 SSD;51;ZURICH - 32GB;;30/07/2025;5749;;Envio;447,00
36;K2 PARTNERING SOLUTIONS DO BRASIL CONSUL;K2 PARTNERING SOLUTIONS;1221;PE09ENN3;1025;NOTEBOOK LENOVO THINKPAD E14 G2 CORE I5;51;PRICE LIST 2;;31/07/2025;5755;;Envio;234,00
36;K2 PARTNERING SOLUTIONS DO BRASIL CONSUL;K2 PARTNERING SOLUTIONS;4302;PE0CJCFK;1067;NOTEBOOK LENOVO THINKPAD E14 G4 CORE I5;51;K2 PARTNERING SOLUTIONS DO BRASIL CONSUL;;31/07/2025;5774;;Retorno;260,00
36;K2 PARTNERING SOLUTIONS DO BRASIL CONSUL;K2 PARTNERING SOLUTIONS;5424;PE06M3XP;1032;NOTEBOOK LENOVO THINKPAD E14 G1 CORE I7;51;K2 PARTNERING SOLUTIONS DO BRASIL CONSUL;;31/07/2025;5771;;Retorno;342,00
36;K2 PARTNERING SOLUTIONS DO BRASIL CONSUL;K2 PARTNERING SOLUTIONS;5763;PE0DP858;10282;NOTEBOOK LENOVO THINKBOOK 14 CORE I5 SSD;51;PRICE LISTµ2;;31/07/2025;5695;;Envio;234,00
41;AGROCETE INDUSTRIA DE FERTILIZANTES LTDA;AGROCETE BRASIL;6092;JW56GB4;10278;NOTEBOOK DELL LATITUDE 3450 CORE I5 SSD;94;AGROCETE MATRIZ;;21/07/2025;5554;;Envio;235,00
41;AGROCETE INDUSTRIA DE FERTILIZANTES LTDA;AGROCETE BRASIL;6095;3X56GB4;10278;NOTEBOOK DELL LATITUDE 3450 CORE I5 SSD;94;AGROCETE MATRIZ;;21/07/2025;5554;;Envio;235,00
41;AGROCETE INDUSTRIA DE FERTILIZANTES LTDA;AGROCETE BRASIL;6099;BX56GB4;10278;NOTEBOOK DELL LATITUDE 3450 CORE I5 SSD;94;AGROCETE MATRIZ;;21/07/2025;5554;;Envio;235,00
41;AGROCETE INDUSTRIA DE FERTILIZANTES LTDA;AGROCETE BRASIL;6103;7X56GB4;10278;NOTEBOOK DELL LATITUDE 3450 CORE I5 SSD;94;AGROCETE MATRIZ;;21/07/2025;5554;;Envio;235,00
41;AGROCETE INDUSTRIA DE FERTILIZANTES LTDA;AGROCETE BRASIL;6104;HX56GB4;10278;NOTEBOOK DELL LATITUDE 3450 CORE I5 SSD;94;AGROCETE MATRIZ;;21/07/2025;5554;;Envio;235,00
41;AGROCETE INDUSTRIA DE FERTILIZANTES LTDA;AGROCETE BRASIL;6109;JX56GB4;10278;NOTEBOOK DELL LATITUDE 3450 CORE I5 SSD;94;AGROCETE MATRIZ;;21/07/2025;5554;;Envio;235,00
52;WORK ON PEOPLE SERVICOS LTDA;WORK ON;5779;CML0794;10367;NOTEBOOK DELL INSPIRON 16  7640 ULTRA 7;56;COM PROTECAO CONTRA ROUBO;;14/07/2025;5544;;Envio;784,00
52;WORK ON PEOPLE SERVICOS LTDA;WORK ON;5779;CML0794;10367;NOTEBOOK DELL INSPIRON 16  7640 ULTRA 7;56;COM PROTECAO CONTRA ROUBO;;14/07/2025;0;;Retorno;784,00
52;WORK ON PEOPLE SERVICOS LTDA;WORK ON;5779;CML0794;10367;NOTEBOOK DELL INSPIRON 16  7640 ULTRA 7;56;OFFICE   PROTECAO;;15/07/2025;0;;Envio;846,50
52;WORK ON PEOPLE SERVICOS LTDA;WORK ON;2087;FL28TZ3;1053;NOTEBOOK DELL VOSTRO 7620 , I7 12TH, 16G;56;OFFICE E PROTECAO;;24/07/2025;5680;;Envio;647,50
52;WORK ON PEOPLE SERVICOS LTDA;WORK ON;4756;PE0CV2AG;1067;NOTEBOOK LENOVO THINKPAD E14 G4 CORE I5;56;OFFICE E PROTECAO;;24/07/2025;5683;;Envio;345,90
52;WORK ON PEOPLE SERVICOS LTDA;WORK ON;5900;PE0C7PQE;1067;NOTEBOOK LENOVO THINKPAD E14 G4 CORE I5;56;OFFICE E PROTECAO;;24/07/2025;5683;;Envio;345,90
52;WORK ON PEOPLE SERVICOS LTDA;WORK ON;4747;PE0CV2AX;1067;NOTEBOOK LENOVO THINKPAD E14 G4 CORE I5;56;OFFICE E PROTECAO;;29/07/2025;5717;;Envio;345,90
54;STAR PHARMA DISTRIBUIDORA DE MEDICAMENTO;SPH MEDICAL;1700;PE0AAD77;1022;NOTEBOOK LENOVO THINKPAD E14 G2 CORE I5;58;STAR PHARMA DISTRIBUIDORA DE MEDICAMENTO;*;04/07/2025;5432;;Retorno;239,00
55;SYNERGIA - CONSULTORIA URBANA E SOCIAL L;SYNERGIA SOCIOAMBIENTAL;4680;PE0C7T33;1067;NOTEBOOK LENOVO THINKPAD E14 G4 CORE I5;59;SYNERGIA - CONSULTORIA URBANA E SOCIAL L;;14/07/2025;5536;;Retorno;240,00
55;SYNERGIA - CONSULTORIA URBANA E SOCIAL L;SYNERGIA SOCIOAMBIENTAL;4692;PE0C7T3K;1067;NOTEBOOK LENOVO THINKPAD E14 G4 CORE I5;59;SYNERGIA - CONSULTORIA URBANA E SOCIAL L;;16/07/2025;5466;;Retorno;240,00
55;SYNERGIA - CONSULTORIA URBANA E SOCIAL L;SYNERGIA SOCIOAMBIENTAL;4297;CG6D044;10260;NOTEBOOK DELL LATITUDE 3440 CORE I5 SSD;59;SYNERGIA - CONSULTORIA URBANA E SOCIAL L;;23/07/2025;5668;;Retorno;240,00
78;WIBO SOLUCOES EM TECNOLOGIA S.A.;WIBO;5049;PE0DLZWE;10349;NOTEBOOK LENOVO THINKPAD T14 G4 CORE I7;79;WIBO SOLUCOES EM TECNOLOGIA S.A.;;16/07/2025;5541;;Envio;308,00
79;ON JOB TRABALHO TEMPORARIO LTDA;TEMP WORK;6142;3SP5HB4;10369;NOTEBOOK DELL LATITUDE 3450 CORE I7 SSD;80;C/ 32GB;;15/07/2025;5564;;Envio;350,00
81;MONTANA QUIMICA LTDA.;MONTANA QUIMICA;5000;C41P564;10279;NOTEBOOK DELL LATITUDE 3550 CORE I7 SSD;219;C/ 32GB E OFFICE;;10/07/2025;5526;;Envio;402,50
81;MONTANA QUIMICA LTDA.;MONTANA QUIMICA;1552;BVJGSX3;10229;NOTEBOOK DELL VOSTRO 3510 CORE I5 SSD 25;89;;;31/07/2025;5742;;Retorno;259,00
81;MONTANA QUIMICA LTDA.;MONTANA QUIMICA;GW0H7W3;001496;10353;NOTEBOOK DELL VOSTRO 3520 CORE I7 SSD 1T;89;;;31/07/2025;5742;;Envio;0,00
83;NPL BRASIL S.A. GESTAO E SOLUCOES PARA ATIVOS FINANCEIROS;NPL BRASIL;5845;DXNPH74;10285;NOTEBOOK DELL LATITUDE  5450 CORE ULTRA;81;NPL BRASIL S.A. GESTAO E SOLUCOES PARA A;;31/07/2025;5758;;Envio;450,00
86;TCHETURBO PROVEDOR DE INTERNET LTDA;TCHETURBO INTERNET PROVIDER;6115;PE0DNLEM;10282;NOTEBOOK LENOVO THINKBOOK 14 CORE I5 SSD;83;TCHETURBO PROVEDOR DE INTERNET LTDA;;03/07/2025;5415;;Envio;284,00
86;TCHETURBO PROVEDOR DE INTERNET LTDA;TCHETURBO INTERNET PROVIDER;2011;PE0AADE8;1022;NOTEBOOK LENOVO THINKPAD E14 G2 CORE I5;83;TCHETURBO PROVEDOR DE INTERNET LTDA;*;06/07/2025;5697;;Retorno;265,00
86;TCHETURBO PROVEDOR DE INTERNET LTDA;TCHETURBO INTERNET PROVIDER;2011;PE0AADE8;1022;NOTEBOOK LENOVO THINKPAD E14 G2 CORE I5;83;UPGRADE P/ 16GB;;07/07/2025;5698;;Envio;284,00
86;TCHETURBO PROVEDOR DE INTERNET LTDA;TCHETURBO INTERNET PROVIDER;1392;210AZER12964;3032;MONITOR 19.5 LED LG 20MK400H;83;TCHETURBO;;21/07/2025;5601;;Envio;39,00
86;TCHETURBO PROVEDOR DE INTERNET LTDA;TCHETURBO INTERNET PROVIDER;2100;PE0AAD94;1025;NOTEBOOK LENOVO THINKPAD E14 G2 CORE I5;83;TCHETURBO PROVEDOR DE INTERNET LTDA;;25/07/2025;5729;;Envio;284,00
90;CAST PARTICIPACOES S.A.;CAST PARTICIPACOES S.A.;4436;6PTP8Q3;3043;MONITOR DELL 21.5 P2222H;152;SAO PAULO;;01/07/2025;5414;;Envio;46,02
90;CAST PARTICIPACOES S.A.;CAST PARTICIPACOES S.A.;6116;7M1LTX3;10252;NOTEBOOK DELL LATITUDE 5430 CORE I5 SSD;152;SAO PAULO;;01/07/2025;5414;;Envio;235,20
90;CAST PARTICIPACOES S.A.;CAST PARTICIPACOES S.A.;1718;GD1LTX3;1056;NOTEBOOK DELL LATITUDE 5430 CORE I5 SSD;152;SAO PAULO;;08/07/2025;5459;;Envio;0,00
90;CAST PARTICIPACOES S.A.;CAST PARTICIPACOES S.A.;4019;GD547P3;3043;MONITOR DELL 21.5 P2222H;152;SAO PAULO;;10/07/2025;5510;;Envio;46,02
90;CAST PARTICIPACOES S.A.;CAST PARTICIPACOES S.A.;4658;1DJB554;10258;NOTEBOOK DELL LATITUDE 5440 CORE I5 SSD;152;SAO PAULO;;10/07/2025;5510;;Envio;235,20
90;CAST PARTICIPACOES S.A.;CAST PARTICIPACOES S.A.;4148;4QSTQ34;10258;NOTEBOOK DELL LATITUDE 5440 CORE I5 SSD;152;SAO PAULO;;15/07/2025;5550;;Envio;235,20
90;CAST PARTICIPACOES S.A.;CAST PARTICIPACOES S.A.;4649;5YM47P3;3043;MONITOR DELL 21.5 P2222H;152;SAO PAULO;;15/07/2025;5550;;Envio;46,02
90;CAST PARTICIPACOES S.A.;CAST PARTICIPACOES S.A.;2926;J6K8034;10258;NOTEBOOK DELL LATITUDE 5440 CORE I5 SSD;152;SAO PAULO;;21/07/2025;5625;;Retorno;235,20
90;CAST PARTICIPACOES S.A.;CAST PARTICIPACOES S.A.;4018;JF647P3;3043;MONITOR DELL 21.5 P2222H;152;SAO PAULO;;21/07/2025;5626;;Retorno;46,02
90;CAST PARTICIPACOES S.A.;CAST PARTICIPACOES S.A.;4155;6QSTQ34;10258;NOTEBOOK DELL LATITUDE 5440 CORE I5 SSD;152;C/ 32GB;;21/07/2025;5435;;Envio;259,40
90;CAST PARTICIPACOES S.A.;CAST PARTICIPACOES S.A.;4121;F6KB7P3;3043;MONITOR DELL 21.5 P2222H;152;SAO PAULO;;30/07/2025;5761;;Retorno;46,02
90;CAST PARTICIPACOES S.A.;CAST PARTICIPACOES S.A.;4149;2QSTQ34;10258;NOTEBOOK DELL LATITUDE 5440 CORE I5 SSD;152;SAO PAULO;;30/07/2025;5739;;Retorno;235,20
90;CAST PARTICIPACOES S.A.;CAST PARTICIPACOES S.A.;2700;492HCX3;10252;NOTEBOOK DELL LATITUDE 5430 CORE I5 SSD;152;SAO PAULO;;31/07/2025;5716;;Retorno;235,20
90;CAST PARTICIPACOES S.A.;CAST PARTICIPACOES S.A.;2926;J6K8034;10258;NOTEBOOK DELL LATITUDE 5440 CORE I5 SSD;152;C/ 32GB;;31/07/2025;5716;;Envio;259,40
90;CAST PARTICIPACOES S.A.;CAST PARTICIPACOES S.A.;4655;H9M47P3;3043;MONITOR DELL 21.5 P2222H;152;SAO PAULO;;31/07/2025;5766;;Retorno;46,02
90;CAST PARTICIPACOES S.A.;CAST PARTICIPACOES S.A.;4662;2CJB554;10258;NOTEBOOK DELL LATITUDE 5440 CORE I5 SSD;152;SAO PAULO;;31/07/2025;5765;;Retorno;235,20
90;CAST PARTICIPACOES S.A.;CAST PARTICIPACOES S.A.;1782;PE0AW04F;10315;NOTEBOOK LENOVO THINKPAD L14 CORE I7 SSD;93;BRASILIA;;02/07/2025;5260;;Retorno;297,00
90;CAST PARTICIPACOES S.A.;CAST PARTICIPACOES S.A.;5666;PE0DP9Y5;10282;NOTEBOOK LENOVO THINKBOOK 14 CORE I5 SSD;93;SP;;02/07/2025;5386;;Retorno;259,00
90;CAST PARTICIPACOES S.A.;CAST PARTICIPACOES S.A.;5839;3S3JXM3;10314;NOTEBOOK DELL LATITUDE 3420 CORE I7 SSD;93;C/ 32GB;;02/07/2025;5385;;Retorno;313,00
90;CAST PARTICIPACOES S.A.;CAST PARTICIPACOES S.A.;1895;767H4Y3;10316;NOTEBOOK DELL LATITUDE 3420 CORE I7 SSD;93;SAO PAULO;;04/07/2025;5387;;Retorno;297,00
90;CAST PARTICIPACOES S.A.;CAST PARTICIPACOES S.A.;2763;PE0C0GYR;1067;NOTEBOOK LENOVO THINKPAD E14 G4 CORE I5;93;SAO PAULO;;04/07/2025;5423;;Envio;259,00
90;CAST PARTICIPACOES S.A.;CAST PARTICIPACOES S.A.;6315;PE0EAJG4;1003;NOTEBOOK LENOVO P16V CORE ULTRA 7 155H 3;93;SAO PAULO;;08/07/2025;5509;;Envio;678,18
90;CAST PARTICIPACOES S.A.;CAST PARTICIPACOES S.A.;1855;937H4Y3;10316;NOTEBOOK DELL LATITUDE 3420 CORE I7 SSD;93;C 32GB;;11/07/2025;5533;;Envio;313,00
90;CAST PARTICIPACOES S.A.;CAST PARTICIPACOES S.A.;1857;B47H4Y3;10316;NOTEBOOK DELL LATITUDE 3420 CORE I7 SSD;93;SAO PAULO;;14/07/2025;5535;;Retorno;297,00
90;CAST PARTICIPACOES S.A.;CAST PARTICIPACOES S.A.;1792;PE0AW04V;10315;NOTEBOOK LENOVO THINKPAD L14 CORE I7 SSD;93;BRASILIA;;15/07/2025;5472;;Retorno;297,00
90;CAST PARTICIPACOES S.A.;CAST PARTICIPACOES S.A.;4846;PE0D8QAZ;10272;NOTEBOOK LENOVO THINKPAD E14 G6  ULTRA 5;93;SAO PAULO;;15/07/2025;5410;;Retorno;259,00
90;CAST PARTICIPACOES S.A.;CAST PARTICIPACOES S.A.;1725;PE0AW00Z;10315;NOTEBOOK LENOVO THINKPAD L14 CORE I7 SSD;93;SAO PAULO;;16/07/2025;5265;;Retorno;297,00
90;CAST PARTICIPACOES S.A.;CAST PARTICIPACOES S.A.;2110;PE0AAC59;1054;NOTEBOOK LENOVO THINKPAD L14 AMD R7 PRO;93;;;17/07/2025;5471;;Retorno;210,00
90;CAST PARTICIPACOES S.A.;CAST PARTICIPACOES S.A.;4640;31MDYX3;10314;NOTEBOOK DELL LATITUDE 3420 CORE I7 SSD;93;C/ 32GB;;17/07/2025;5332;;Retorno;313,00
90;CAST PARTICIPACOES S.A.;CAST PARTICIPACOES S.A.;5617;7M08P74;10369;NOTEBOOK DELL LATITUDE 3450 CORE I7 SSD;93;C 32GB;;17/07/2025;5332;;Envio;313,00
90;CAST PARTICIPACOES S.A.;CAST PARTICIPACOES S.A.;5763;PE0DP858;10282;NOTEBOOK LENOVO THINKBOOK 14 CORE I5 SSD;93;SP;;17/07/2025;5549;;Retorno;259,00
90;CAST PARTICIPACOES S.A.;CAST PARTICIPACOES S.A.;1577;PE0A8JPQ;1054;NOTEBOOK LENOVO THINKPAD L14 AMD R7 PRO;93;;;18/07/2025;5609;;Retorno;210,00
90;CAST PARTICIPACOES S.A.;CAST PARTICIPACOES S.A.;4625;189O6XA000067;3044;MONITOR AOC 21.5 22P2UM;93;SAO PAULO;;18/07/2025;5592;;Envio;43,84
90;CAST PARTICIPACOES S.A.;CAST PARTICIPACOES S.A.;6153;8RP5HB4;10369;NOTEBOOK DELL LATITUDE 3450 CORE I7 SSD;93;C/ 64GB;;18/07/2025;5594;;Envio;340,00
90;CAST PARTICIPACOES S.A.;CAST PARTICIPACOES S.A.;2150;PE0AAC8M;1054;NOTEBOOK LENOVO THINKPAD L14 AMD R7 PRO;93;;;21/07/2025;5622;;Retorno;210,00
90;CAST PARTICIPACOES S.A.;CAST PARTICIPACOES S.A.;2350;PE08C28Q;1040;NOTEBOOK LENOVO THINKPAD T14 RYZEN 7 G1;93;SAO PAULO;;21/07/2025;5623;;Retorno;210,00
90;CAST PARTICIPACOES S.A.;CAST PARTICIPACOES S.A.;4099;PE0C7PET;1067;NOTEBOOK LENOVO THINKPAD E14 G4 CORE I5;93;SAO PAULO;;21/07/2025;5624;;Retorno;259,00
90;CAST PARTICIPACOES S.A.;CAST PARTICIPACOES S.A.;4624;189O2XA002283;3044;MONITOR AOC 21.5 22P2UM;93;SAO PAULO;;21/07/2025;5592;;Envio;43,84
90;CAST PARTICIPACOES S.A.;CAST PARTICIPACOES S.A.;6316;PE0E935L;10380;NOTEBOOK LENOVO THINKBOOK 14 CORE I7 SSD;93;SAO PAULO;;21/07/2025;5592;;Envio;341,80
90;CAST PARTICIPACOES S.A.;CAST PARTICIPACOES S.A.;6317;PE0E9357;10380;NOTEBOOK LENOVO THINKBOOK 14 CORE I7 SSD;93;SAO PAULO;;21/07/2025;5592;;Envio;341,80
90;CAST PARTICIPACOES S.A.;CAST PARTICIPACOES S.A.;2189;PE0AVZDG;10315;NOTEBOOK LENOVO THINKPAD L14 CORE I7 SSD;93;SAO PAULO;;23/07/2025;5670;;Retorno;297,00
90;CAST PARTICIPACOES S.A.;CAST PARTICIPACOES S.A.;6148;GRP5HB4;10369;NOTEBOOK DELL LATITUDE 3450 CORE I7 SSD;93;CONFIG PADRAO;;23/07/2025;5656;;Envio;297,00
90;CAST PARTICIPACOES S.A.;CAST PARTICIPACOES S.A.;6160;6RP5HB4;10369;NOTEBOOK DELL LATITUDE 3450 CORE I7 SSD;93;CONFIG PADRAO;;23/07/2025;5656;;Envio;297,00
90;CAST PARTICIPACOES S.A.;CAST PARTICIPACOES S.A.;6161;CQP5HB4;10369;NOTEBOOK DELL LATITUDE 3450 CORE I7 SSD;93;CONFIG PADRAO;;23/07/2025;5656;;Envio;297,00
90;CAST PARTICIPACOES S.A.;CAST PARTICIPACOES S.A.;1782;PE0AW04F;10315;NOTEBOOK LENOVO THINKPAD L14 CORE I7 SSD;93;BRASILIA;;24/07/2025;5457;;Envio;297,00
90;CAST PARTICIPACOES S.A.;CAST PARTICIPACOES S.A.;2143;6CJM5Y3;10329;NOTEBOOK DELL LATITUDE 5430 CORE I7 SSD;93;;;24/07/2025;5689;;Retorno;346,00
90;CAST PARTICIPACOES S.A.;CAST PARTICIPACOES S.A.;6196;PE0ECHNZ;10282;NOTEBOOK LENOVO THINKBOOK 14 CORE I5 SSD;93;SP;;29/07/2025;5704;;Envio;259,00
90;CAST PARTICIPACOES S.A.;CAST PARTICIPACOES S.A.;6264;PE0EC4C7;10282;NOTEBOOK LENOVO THINKBOOK 14 CORE I5 SSD;93;SP;;29/07/2025;5704;;Envio;259,00
90;CAST PARTICIPACOES S.A.;CAST PARTICIPACOES S.A.;6267;PE0EC4C3;10282;NOTEBOOK LENOVO THINKBOOK 14 CORE I5 SSD;93;SP;;29/07/2025;5704;;Envio;259,00
90;CAST PARTICIPACOES S.A.;CAST PARTICIPACOES S.A.;4824;PE0D8QBT;10272;NOTEBOOK LENOVO THINKPAD E14 G6  ULTRA 5;93;SAO PAULO;;30/07/2025;5756;;Retorno;259,00
90;CAST PARTICIPACOES S.A.;CAST PARTICIPACOES S.A.;6197;PE0EDJZG;10282;NOTEBOOK LENOVO THINKBOOK 14 CORE I5 SSD;93;SP;;30/07/2025;5704;;Envio;259,00
90;CAST PARTICIPACOES S.A.;CAST PARTICIPACOES S.A.;6198;PE0EDJZL;10282;NOTEBOOK LENOVO THINKBOOK 14 CORE I5 SSD;93;SP;;30/07/2025;5736;;Envio;259,00
90;CAST PARTICIPACOES S.A.;CAST PARTICIPACOES S.A.;6224;PE0EC4M3;10282;NOTEBOOK LENOVO THINKBOOK 14 CORE I5 SSD;93;SP;;30/07/2025;5723;;Envio;259,00
90;CAST PARTICIPACOES S.A.;CAST PARTICIPACOES S.A.;6236;PE0EC4SR;10282;NOTEBOOK LENOVO THINKBOOK 14 CORE I5 SSD;93;SP;;30/07/2025;5745;;Envio;259,00
90;CAST PARTICIPACOES S.A.;CAST PARTICIPACOES S.A.;2156;PE0AAC1H;1054;NOTEBOOK LENOVO THINKPAD L14 AMD R7 PRO;93;;;31/07/2025;5736;;Envio;210,00
90;CAST PARTICIPACOES S.A.;CAST PARTICIPACOES S.A.;6201;PE0EDJZR;10282;NOTEBOOK LENOVO THINKBOOK 14 CORE I5 SSD;93;SP;;31/07/2025;5736;;Envio;259,00
90;CAST PARTICIPACOES S.A.;CAST PARTICIPACOES S.A.;6248;PE0EA135;10282;NOTEBOOK LENOVO THINKBOOK 14 CORE I5 SSD;93;SP;;31/07/2025;5736;;Envio;259,00
90;CAST PARTICIPACOES S.A.;CAST PARTICIPACOES S.A.;6265;PE0EC4C6;10282;NOTEBOOK LENOVO THINKBOOK 14 CORE I5 SSD;93;SP;;31/07/2025;5721;;Envio;259,00
95;WOP CENTRO OESTE TERCEIRIZACAO DE MAO-DE-OBRA E SERVICOS LTD;WOP;1616;B3MDYX3;10316;NOTEBOOK DELL LATITUDE 3420 CORE I7 SSD;96;WOP 2;;07/07/2025;5460;;Envio;315,00
95;WOP CENTRO OESTE TERCEIRIZACAO DE MAO-DE-OBRA E SERVICOS LTD;WOP;6127;3QP5HB4;10369;NOTEBOOK DELL LATITUDE 3450 CORE I7 SSD;96;COM PROTECAO;;29/07/2025;5715;;Envio;410,00
109;OFTALMOLOGIA ESPECIALIZADA LTDA;CLINICA DR. GUSTAVO BONFADINI OFTALMOLOG;1884;3W7H4Y3;10321;NOTEBOOK DELL LATITUDE 3420 CORE I7 SSD;117;BARRA;;31/07/2025;5590;;Retorno;320,00
109;OFTALMOLOGIA ESPECIALIZADA LTDA;CLINICA DR. GUSTAVO BONFADINI OFTALMOLOG;6152;FPP5HB4;10369;NOTEBOOK DELL LATITUDE 3450 CORE I7 SSD;117;BARRA;;31/07/2025;5590;;Envio;320,00
110;CONVERSYS IT SOLUTIONS COMERCIO E SERVICOS DE TECNOLOGIA LTD;CONVERSYS IT SOLUTIONS;2041;PE0AV8AE;1057;NOTEBOOK LENOVO THINKPAD L14 G2 CORE I5;122;C/  32GB;;17/07/2025;5589;;Envio;269,00
110;CONVERSYS IT SOLUTIONS COMERCIO E SERVICOS DE TECNOLOGIA LTD;CONVERSYS IT SOLUTIONS;1816;PE099L77;1025;NOTEBOOK LENOVO THINKPAD E14 G2 CORE I5;122;SAO PAULO;;22/07/2025;5640;;Envio;239,00
110;CONVERSYS IT SOLUTIONS COMERCIO E SERVICOS DE TECNOLOGIA LTD;CONVERSYS IT SOLUTIONS;1019;PE07D1E4;1025;NOTEBOOK LENOVO THINKPAD E14 G2 CORE I5;122;SAO PAULO;;28/07/2025;5702;;Envio;239,00
113;RANDSTAD BRASIL RECURSOS HUMANOS LTDA.;RANDSTAD BRASIL;6005;BRM512KYFH;10288;NOTEBOOK HP 250R G9 CORE I5 1334U  SSD 2;146;COM OFFICE E KIT TECLADO E MOUSE;;03/07/2025;5417;;Envio;327,50
113;RANDSTAD BRASIL RECURSOS HUMANOS LTDA.;RANDSTAD BRASIL;6006;BRM512KY8N;10288;NOTEBOOK HP 250R G9 CORE I5 1334U  SSD 2;146;COM OFFICE E KIT TECLADO E MOUSE;;03/07/2025;5419;;Envio;327,50
113;RANDSTAD BRASIL RECURSOS HUMANOS LTDA.;RANDSTAD BRASIL;6007;BRM512KY81;10288;NOTEBOOK HP 250R G9 CORE I5 1334U  SSD 2;146;COM OFFICE E KIT TECLADO E MOUSE;;03/07/2025;5420;;Envio;327,50
113;RANDSTAD BRASIL RECURSOS HUMANOS LTDA.;RANDSTAD BRASIL;1229;PE09ENMR;1025;NOTEBOOK LENOVO THINKPAD E14 G2 CORE I5;146;ITAU - COM OFFICE;;08/07/2025;5483;;Retorno;312,50
113;RANDSTAD BRASIL RECURSOS HUMANOS LTDA.;RANDSTAD BRASIL;2556;PE0C0GM1;1067;NOTEBOOK LENOVO THINKPAD E14 G4 CORE I5;146;ITAU - COM OFFICE;;08/07/2025;5499;;Retorno;312,50
113;RANDSTAD BRASIL RECURSOS HUMANOS LTDA.;RANDSTAD BRASIL;4350;PE0CJCAH;10334;NOTEBOOK LENOVO THINKPAD E14 G4 CORE I7;146;ITAU - COM OFFICE;;08/07/2025;5484;;Retorno;0,00
113;RANDSTAD BRASIL RECURSOS HUMANOS LTDA.;RANDSTAD BRASIL;4523;SPE0CVE8P;1067;NOTEBOOK LENOVO THINKPAD E14 G4 CORE I5;146;COM OFFICE;;08/07/2025;5485;;Retorno;312,50
113;RANDSTAD BRASIL RECURSOS HUMANOS LTDA.;RANDSTAD BRASIL;4797;PE0D8NTJ;10272;NOTEBOOK LENOVO THINKPAD E14 G6  ULTRA 5;146;ITAU - COM OFFICE   MOUSE USB;;08/07/2025;5488;;Retorno;317,50
113;RANDSTAD BRASIL RECURSOS HUMANOS LTDA.;RANDSTAD BRASIL;4818;PE0D8P9T;10272;NOTEBOOK LENOVO THINKPAD E14 G6  ULTRA 5;146;ITAU - COM OFFICE;;08/07/2025;5475;;Retorno;312,50
113;RANDSTAD BRASIL RECURSOS HUMANOS LTDA.;RANDSTAD BRASIL;4854;PE0D8QB7;10272;NOTEBOOK LENOVO THINKPAD E14 G6  ULTRA 5;146;ITAU - COM OFFICE;;08/07/2025;5482;;Retorno;312,50
113;RANDSTAD BRASIL RECURSOS HUMANOS LTDA.;RANDSTAD BRASIL;5936;BRM512KY7T;10288;NOTEBOOK HP 250R G9 CORE I5 1334U  SSD 2;146;COM OFFICE E KIT TECLADO E MOUSE;;10/07/2025;5467;;Envio;327,50
113;RANDSTAD BRASIL RECURSOS HUMANOS LTDA.;RANDSTAD BRASIL;1382;PE07D1BR;1022;NOTEBOOK LENOVO THINKPAD E14 G2 CORE I5;146;COM OFFICE;;11/07/2025;5498;;Retorno;311,50
113;RANDSTAD BRASIL RECURSOS HUMANOS LTDA.;RANDSTAD BRASIL;1697;PE09EN7T;1022;NOTEBOOK LENOVO THINKPAD E14 G2 CORE I5;146;COM OFFICE;;11/07/2025;5495;;Retorno;311,50
113;RANDSTAD BRASIL RECURSOS HUMANOS LTDA.;RANDSTAD BRASIL;1744;PE099CRG;1025;NOTEBOOK LENOVO THINKPAD E14 G2 CORE I5;146;ITAU - COM OFFICE;;11/07/2025;5500;;Retorno;312,50
113;RANDSTAD BRASIL RECURSOS HUMANOS LTDA.;RANDSTAD BRASIL;2146;PE09R4PV;10232;NOTEBOOK LENOVO THINKPAD T14 G2 CORE I5;146;COM OFFICE;;11/07/2025;5493;;Retorno;327,50
113;RANDSTAD BRASIL RECURSOS HUMANOS LTDA.;RANDSTAD BRASIL;4307;PE0CJBXC;1067;NOTEBOOK LENOVO THINKPAD E14 G4 CORE I5;146;ITAU - COM OFFICE;;11/07/2025;5502;;Retorno;312,50
113;RANDSTAD BRASIL RECURSOS HUMANOS LTDA.;RANDSTAD BRASIL;4625;189O6XA000067;3044;MONITOR AOC 21.5 22P2UM;146;PADRAO;;11/07/2025;5494;;Retorno;85,00
113;RANDSTAD BRASIL RECURSOS HUMANOS LTDA.;RANDSTAD BRASIL;4833;PE0D8P9X;10272;NOTEBOOK LENOVO THINKPAD E14 G6  ULTRA 5;146;ITAU - COM OFFICE;;11/07/2025;5489;;Retorno;312,50
113;RANDSTAD BRASIL RECURSOS HUMANOS LTDA.;RANDSTAD BRASIL;4858;PE0D8NSV;10272;NOTEBOOK LENOVO THINKPAD E14 G6  ULTRA 5;146;ITAU - COM OFFICE;;11/07/2025;5481;;Retorno;312,50
113;RANDSTAD BRASIL RECURSOS HUMANOS LTDA.;RANDSTAD BRASIL;4869;PE0D8NSX;10272;NOTEBOOK LENOVO THINKPAD E14 G6  ULTRA 5;146;ITAU - COM OFFICE   MOUSE USB;;11/07/2025;5492;;Retorno;317,50
113;RANDSTAD BRASIL RECURSOS HUMANOS LTDA.;RANDSTAD BRASIL;3434;PE0C7TL3;1067;NOTEBOOK LENOVO THINKPAD E14 G4 CORE I5;146;ITAU - COM OFFICE;;14/07/2025;5501;;Retorno;312,50
113;RANDSTAD BRASIL RECURSOS HUMANOS LTDA.;RANDSTAD BRASIL;4097;PE0C7PE0;1067;NOTEBOOK LENOVO THINKPAD E14 G4 CORE I5;146;ITAU - COM OFFICE;;14/07/2025;5480;;Retorno;312,50
113;RANDSTAD BRASIL RECURSOS HUMANOS LTDA.;RANDSTAD BRASIL;4207;PE0CJCDH;1067;NOTEBOOK LENOVO THINKPAD E14 G4 CORE I5;146;ITAU - COM OFFICE;;14/07/2025;5486;;Retorno;312,50
113;RANDSTAD BRASIL RECURSOS HUMANOS LTDA.;RANDSTAD BRASIL;4464;25P5Z34;10260;NOTEBOOK DELL LATITUDE 3440 CORE I5 SSD;146;ITAU - COM OFFICE;;14/07/2025;5477;;Retorno;312,50
113;RANDSTAD BRASIL RECURSOS HUMANOS LTDA.;RANDSTAD BRASIL;4624;189O2XA002283;3044;MONITOR AOC 21.5 22P2UM;146;PADRAO;;14/07/2025;5487;;Retorno;85,00
113;RANDSTAD BRASIL RECURSOS HUMANOS LTDA.;RANDSTAD BRASIL;4848;PE0D8QB1;10272;NOTEBOOK LENOVO THINKPAD E14 G6  ULTRA 5;146;ITAU - COM OFFICE;;14/07/2025;5490;;Retorno;312,50
113;RANDSTAD BRASIL RECURSOS HUMANOS LTDA.;RANDSTAD BRASIL;4862;PE0D8NSQ;10272;NOTEBOOK LENOVO THINKPAD E14 G6  ULTRA 5;146;ITAU - COM OFFICE;;14/07/2025;5476;;Retorno;312,50
113;RANDSTAD BRASIL RECURSOS HUMANOS LTDA.;RANDSTAD BRASIL;4890;PE0D8QB8;10272;NOTEBOOK LENOVO THINKPAD E14 G6  ULTRA 5;146;ITAU - COM OFFICE;;14/07/2025;5496;;Retorno;312,50
113;RANDSTAD BRASIL RECURSOS HUMANOS LTDA.;RANDSTAD BRASIL;4967;98X4T64;10278;NOTEBOOK DELL LATITUDE 3450 CORE I5 SSD;146;ITAU - COM OFFICE;;14/07/2025;5479;;Retorno;312,50
113;RANDSTAD BRASIL RECURSOS HUMANOS LTDA.;RANDSTAD BRASIL;4523;SPE0CVE8P;1067;NOTEBOOK LENOVO THINKPAD E14 G4 CORE I5;146;COM OFFICE E KIT TECLADO E MOUSE;;15/07/2025;5530;;Envio;327,50
113;RANDSTAD BRASIL RECURSOS HUMANOS LTDA.;RANDSTAD BRASIL;5900;PE0C7PQE;1067;NOTEBOOK LENOVO THINKPAD E14 G4 CORE I5;146;COM OFFICE;;15/07/2025;5579;;Retorno;312,50
113;RANDSTAD BRASIL RECURSOS HUMANOS LTDA.;RANDSTAD BRASIL;4756;PE0CV2AG;1067;NOTEBOOK LENOVO THINKPAD E14 G4 CORE I5;146;ITAU - COM OFFICE;;16/07/2025;5497;;Retorno;312,50
113;RANDSTAD BRASIL RECURSOS HUMANOS LTDA.;RANDSTAD BRASIL;5996;BRM512KYDD;10288;NOTEBOOK HP 250R G9 CORE I5 1334U  SSD 2;146;COM OFFICE E KIT TECLADO E MOUSE;;16/07/2025;5577;;Envio;327,50
113;RANDSTAD BRASIL RECURSOS HUMANOS LTDA.;RANDSTAD BRASIL;4851;PE0D8QB4;10272;NOTEBOOK LENOVO THINKPAD E14 G6  ULTRA 5;146;ITAU - COM OFFICE;;17/07/2025;5491;;Retorno;312,50
113;RANDSTAD BRASIL RECURSOS HUMANOS LTDA.;RANDSTAD BRASIL;6021;BRM512KYBC;10288;NOTEBOOK HP 250R G9 CORE I5 1334U  SSD 2;146;COM OFFICE E KIT TECLADO E MOUSE;;17/07/2025;5571;;Envio;327,50
113;RANDSTAD BRASIL RECURSOS HUMANOS LTDA.;RANDSTAD BRASIL;5997;BRM512KYD5;10288;NOTEBOOK HP 250R G9 CORE I5 1334U  SSD 2;146;COM O FFICE;;22/07/2025;5618;;Envio;312,50
113;RANDSTAD BRASIL RECURSOS HUMANOS LTDA.;RANDSTAD BRASIL;6108;1X56GB4;10278;NOTEBOOK DELL LATITUDE 3450 CORE I5 SSD;146;ITAU - COM OFFICE;;22/07/2025;5662;;Retorno;312,50
113;RANDSTAD BRASIL RECURSOS HUMANOS LTDA.;RANDSTAD BRASIL;5987;BRM512KYFB;10288;NOTEBOOK HP 250R G9 CORE I5 1334U  SSD 2;146;COM O FFICE;;23/07/2025;5676;;Retorno;312,50
113;RANDSTAD BRASIL RECURSOS HUMANOS LTDA.;RANDSTAD BRASIL;6020;BRM512KY83;10288;NOTEBOOK HP 250R G9 CORE I5 1334U  SSD 2;146;COM O FFICE;;23/07/2025;5619;;Envio;312,50
113;RANDSTAD BRASIL RECURSOS HUMANOS LTDA.;RANDSTAD BRASIL;4215;PE0CJCD5;1067;NOTEBOOK LENOVO THINKPAD E14 G4 CORE I5;146;ITAU - COM OFFICE;;24/07/2025;5690;;Retorno;312,50
113;RANDSTAD BRASIL RECURSOS HUMANOS LTDA.;RANDSTAD BRASIL;1314;PE07CEC0;1022;NOTEBOOK LENOVO THINKPAD E14 G2 CORE I5;188;COM OFFICE;;01/07/2025;5182;;Retorno;311,50
113;RANDSTAD BRASIL RECURSOS HUMANOS LTDA.;RANDSTAD BRASIL;4827;PE0D8QBX;10272;NOTEBOOK LENOVO THINKPAD E14 G6  ULTRA 5;188;SEM OFFICE;;01/07/2025;5403;;Retorno;250,00
113;RANDSTAD BRASIL RECURSOS HUMANOS LTDA.;RANDSTAD BRASIL;A275533;3,54315E+14;1062;SMARTPHONE SAMSUNG GALAXY A24 - 128GB  4;188;PADRAO;;01/07/2025;5183;;Retorno;130,00
113;RANDSTAD BRASIL RECURSOS HUMANOS LTDA.;RANDSTAD BRASIL;4816;PE0D8P9R;10272;NOTEBOOK LENOVO THINKPAD E14 G6  ULTRA 5;188;SEM OFFICE;;04/07/2025;5428;;Retorno;250,00
113;RANDSTAD BRASIL RECURSOS HUMANOS LTDA.;RANDSTAD BRASIL;6069;SPE0EBZAD;10282;NOTEBOOK LENOVO THINKBOOK 14 CORE I5 SSD;188;COM OFFICE;;04/07/2025;5399;;Envio;312,50
113;RANDSTAD BRASIL RECURSOS HUMANOS LTDA.;RANDSTAD BRASIL;6075;SPE0EBZBS;10282;NOTEBOOK LENOVO THINKBOOK 14 CORE I5 SSD;188;COM OFFICE;;04/07/2025;5331;;Envio;312,50
113;RANDSTAD BRASIL RECURSOS HUMANOS LTDA.;RANDSTAD BRASIL;1211;PE09ENHZ;1025;NOTEBOOK LENOVO THINKPAD E14 G2 CORE I5;188;COM OFFICE - 8GB;;08/07/2025;5520;;Retorno;311,50
113;RANDSTAD BRASIL RECURSOS HUMANOS LTDA.;RANDSTAD BRASIL;4300;PE0CJBY9;1069;NOTEBOOK LENOVO THINKPAD E14 G4 CORE I5;188;SEM OFFICE;;08/07/2025;5519;;Retorno;249,00
113;RANDSTAD BRASIL RECURSOS HUMANOS LTDA.;RANDSTAD BRASIL;5858;PE0CCS4K;1067;NOTEBOOK LENOVO THINKPAD E14 G4 CORE I5;188;COM OFFICE;;08/07/2025;5461;;Retorno;322,50
113;RANDSTAD BRASIL RECURSOS HUMANOS LTDA.;RANDSTAD BRASIL;A275539;3,54315E+14;1062;SMARTPHONE SAMSUNG GALAXY A24 - 128GB  4;188;PADRAO;;11/07/2025;5462;;Retorno;130,00
113;RANDSTAD BRASIL RECURSOS HUMANOS LTDA.;RANDSTAD BRASIL;1060;SPE061REV;1028;NOTEBOOK LENOVO THINKPAD E14 G1 CORE I5;188;COM OFFICE;;17/07/2025;5521;;Retorno;311,50
113;RANDSTAD BRASIL RECURSOS HUMANOS LTDA.;RANDSTAD BRASIL;5766;PE06FS15;10218;NOTEBOOK LENOVO THINKPAD T14 G1 CORE I5;188;COM OFFICE;;29/07/2025;5711;;Envio;312,50
113;RANDSTAD BRASIL RECURSOS HUMANOS LTDA.;RANDSTAD BRASIL;4099;PE0C7PET;1067;NOTEBOOK LENOVO THINKPAD E14 G4 CORE I5;188;COM OFFICE;;31/07/2025;5757;;Envio;322,50
114;BM SISTEMAS DE ANALISE DE DADOS EIRELI;METRICAS AZUIS;4758;PE0CV28T;1067;NOTEBOOK LENOVO THINKPAD E14 G4 CORE I5;147;POA;;09/07/2025;5512;;Envio;239,00
114;BM SISTEMAS DE ANALISE DE DADOS EIRELI;METRICAS AZUIS;2568;PE0C0GMG;1067;NOTEBOOK LENOVO THINKPAD E14 G4 CORE I5;147;POA;;10/07/2025;5513;;Envio;239,00
114;BM SISTEMAS DE ANALISE DE DADOS EIRELI;METRICAS AZUIS;6121;PE0CVPPS;1067;NOTEBOOK LENOVO THINKPAD E14 G4 CORE I5;147;POA;;22/07/2025;5566;;Envio;239,00
115;THE BRIDGE SOCIAL LTDA;THE BRIDGE;4547;CZFR044;10266;NOTEBOOK DELL LATITUDE 3440 CORE I7  SSD;148;COM OFFICE;;03/07/2025;5409;;Retorno;382,50
115;THE BRIDGE SOCIAL LTDA;THE BRIDGE;4548;BZFR044;10266;NOTEBOOK DELL LATITUDE 3440 CORE I7  SSD;148;COM OFFICE;;03/07/2025;5451;;Envio;382,50
115;THE BRIDGE SOCIAL LTDA;THE BRIDGE;2568;PE0C0GMG;1067;NOTEBOOK LENOVO THINKPAD E14 G4 CORE I5;148;COM OFFICE;;04/07/2025;5407;;Retorno;322,50
115;THE BRIDGE SOCIAL LTDA;THE BRIDGE;5597;9L08P74;10369;NOTEBOOK DELL LATITUDE 3450 CORE I7 SSD;148;COM OFFICE;;10/07/2025;5470;;Envio;382,50
115;THE BRIDGE SOCIAL LTDA;THE BRIDGE;2427;PE0C0ET7;10334;NOTEBOOK LENOVO THINKPAD E14 G4 CORE I7;148;COM OFFICE;;11/07/2025;5186;;Retorno;382,50
115;THE BRIDGE SOCIAL LTDA;THE BRIDGE;2745;SJ7GC7VCY67;10512;MACBOOK APPLE PRO 14 M3 PRO SSD 512GB 18;148;COM OFFICE;;11/07/2025;5408;;Retorno;1.312,50
115;THE BRIDGE SOCIAL LTDA;THE BRIDGE;5620;GL08P74;10369;NOTEBOOK DELL LATITUDE 3450 CORE I7 SSD;148;COM OFFICE;;11/07/2025;5539;;Envio;382,50
115;THE BRIDGE SOCIAL LTDA;THE BRIDGE;5631;JL08P74;10369;NOTEBOOK DELL LATITUDE 3450 CORE I7 SSD;148;COM OFFICE;;11/07/2025;5531;;Envio;382,50
115;THE BRIDGE SOCIAL LTDA;THE BRIDGE;6117;DJ4FC64;10369;NOTEBOOK DELL LATITUDE 3450 CORE I7 SSD;148;COM OFFICE;;12/07/2025;5439;;Envio;382,50
115;THE BRIDGE SOCIAL LTDA;THE BRIDGE;5823;6W9Y6K3;10314;NOTEBOOK DELL LATITUDE 3420 CORE I7 SSD;148;COM OFFICE;;14/07/2025;5540;;Retorno;382,50
115;THE BRIDGE SOCIAL LTDA;THE BRIDGE;2971;PE0C7BQH;10334;NOTEBOOK LENOVO THINKPAD E14 G4 CORE I7;148;COM OFFICE;;15/07/2025;5553;;Retorno;382,50
115;THE BRIDGE SOCIAL LTDA;THE BRIDGE;5575;CY9Y6K3;10330;NOTEBOOK DELL LATITUDE 3420 CORE I7 SSD;148;COM OFFICE;;15/07/2025;5525;;Retorno;382,50
115;THE BRIDGE SOCIAL LTDA;THE BRIDGE;6154;8QP5HB4;10369;NOTEBOOK DELL LATITUDE 3450 CORE I7 SSD;148;COM OFFICE;;15/07/2025;5556;;Envio;382,50
115;THE BRIDGE SOCIAL LTDA;THE BRIDGE;1559;PE0A78H7;1031;NOTEBOOK LENOVO THINKPAD E14 G2 CORE I7;148;COM OFFICE;;17/07/2025;5534;;Retorno;382,50
115;THE BRIDGE SOCIAL LTDA;THE BRIDGE;5584;FN08P74;10369;NOTEBOOK DELL LATITUDE 3450 CORE I7 SSD;148;COM OFFICE;;17/07/2025;5597;;Envio;382,50
115;THE BRIDGE SOCIAL LTDA;THE BRIDGE;5899;PE0A878H8;1031;NOTEBOOK LENOVO THINKPAD E14 G2 CORE I7;148;COM OFFICE;;17/07/2025;5534;;Envio;382,50
115;THE BRIDGE SOCIAL LTDA;THE BRIDGE;1885;3X7H4Y3;10316;NOTEBOOK DELL LATITUDE 3420 CORE I7 SSD;148;COM OFFICE;;21/07/2025;5617;;Retorno;382,50
115;THE BRIDGE SOCIAL LTDA;THE BRIDGE;6151;BPP5HB4;10369;NOTEBOOK DELL LATITUDE 3450 CORE I7 SSD;148;COM OFFICE;;21/07/2025;5599;;Envio;382,50
115;THE BRIDGE SOCIAL LTDA;THE BRIDGE;1856;947H4Y3;10321;NOTEBOOK DELL LATITUDE 3420 CORE I7 SSD;148;COM OFFICE;;22/07/2025;5605;;Retorno;382,50
115;THE BRIDGE SOCIAL LTDA;THE BRIDGE;1440;158370;1031;NOTEBOOK LENOVO THINKPAD E14 G2 CORE I7;148;COM OFFICE;;23/07/2025;5454;;Retorno;382,50
115;THE BRIDGE SOCIAL LTDA;THE BRIDGE;1927;JY7H4Y3;10316;NOTEBOOK DELL LATITUDE 3420 CORE I7 SSD;148;COM OFFICE;;23/07/2025;5654;;Retorno;382,50
115;THE BRIDGE SOCIAL LTDA;THE BRIDGE;2412;PE0C0ESK;10334;NOTEBOOK LENOVO THINKPAD E14 G4 CORE I7;148;COM OFFICE;;23/07/2025;5454;;Envio;382,50
115;THE BRIDGE SOCIAL LTDA;THE BRIDGE;4715;PE0CLS4W;10334;NOTEBOOK LENOVO THINKPAD E14 G4 CORE I7;148;COM OFFICE;;23/07/2025;5675;;Retorno;382,50
115;THE BRIDGE SOCIAL LTDA;THE BRIDGE;6146;BQP5HB4;10369;NOTEBOOK DELL LATITUDE 3450 CORE I7 SSD;148;COM OFFICE;;23/07/2025;5642;;Envio;382,50
115;THE BRIDGE SOCIAL LTDA;THE BRIDGE;5620;GL08P74;10369;NOTEBOOK DELL LATITUDE 3450 CORE I7 SSD;148;COM OFFICE;;25/07/2025;5696;;Retorno;382,50
115;THE BRIDGE SOCIAL LTDA;THE BRIDGE;6147;7RP5HB4;10369;NOTEBOOK DELL LATITUDE 3450 CORE I7 SSD;148;COM OFFICE;;25/07/2025;5643;;Envio;382,50
115;THE BRIDGE SOCIAL LTDA;THE BRIDGE;6149;DPP5HB4;10369;NOTEBOOK DELL LATITUDE 3450 CORE I7 SSD;148;COM OFFICE;;25/07/2025;5644;;Envio;382,50
115;THE BRIDGE SOCIAL LTDA;THE BRIDGE;6163;3PP5HB4;10369;NOTEBOOK DELL LATITUDE 3450 CORE I7 SSD;148;COM OFFICE;;25/07/2025;5645;;Envio;382,50
115;THE BRIDGE SOCIAL LTDA;THE BRIDGE;4715;PE0CLS4W;10334;NOTEBOOK LENOVO THINKPAD E14 G4 CORE I7;148;COM OFFICE;;28/07/2025;5693;;Envio;382,50
115;THE BRIDGE SOCIAL LTDA;THE BRIDGE;2456;PE0C0ETZ;10334;NOTEBOOK LENOVO THINKPAD E14 G4 CORE I7;148;COM OFFICE;;30/07/2025;5747;;Envio;382,50
115;THE BRIDGE SOCIAL LTDA;THE BRIDGE;5915;PE06B95T;10332;NOTEBOOK LENOVO THINKPAD E14 G1 CORE I7;148;COM OFFICE;;30/07/2025;5728;;Envio;382,50
115;THE BRIDGE SOCIAL LTDA;THE BRIDGE;6135;8PP5HB4;10369;NOTEBOOK DELL LATITUDE 3450 CORE I7 SSD;148;COM OFFICE;;30/07/2025;5727;;Envio;382,50
115;THE BRIDGE SOCIAL LTDA;THE BRIDGE;2209;PE0AVZYV;10315;NOTEBOOK LENOVO THINKPAD L14 CORE I7 SSD;148;COM OFFICE;;31/07/2025;5773;;Retorno;382,00
115;THE BRIDGE SOCIAL LTDA;THE BRIDGE;4558;1YFR044;10348;NOTEBOOK DELL LATITUDE 3440 CORE I7  SSD;148;COM OFFICE;;31/07/2025;5776;;Retorno;382,50
115;THE BRIDGE SOCIAL LTDA;THE BRIDGE;5598;6M08P74;10369;NOTEBOOK DELL LATITUDE 3450 CORE I7 SSD;148;COM OFFICE;;31/07/2025;5616;;Envio;382,50
115;THE BRIDGE SOCIAL LTDA;THE BRIDGE;5607;3N08P74;10369;NOTEBOOK DELL LATITUDE 3450 CORE I7 SSD;148;COM OFFICE;;31/07/2025;5616;;Retorno;382,50
115;THE BRIDGE SOCIAL LTDA;THE BRIDGE;5909;PE07X7GQ;10325;NOTEBOOK LENOVO THINKPAD E14 G2 CORE I7;148;COM OFFICE - 16GB;;31/07/2025;5748;;Envio;382,50
119;GI GROUP BRASIL RECURSOS HUMANOS LTDA;GI GROUP - BPO;1951;0A569QT700803A;10256;NOTEBOOK SAMSUNG NP550 CORE I5 SSD 256GB;157;COM OFFICE;;22/07/2025;5649;;Retorno;322,50
119;GI GROUP BRASIL RECURSOS HUMANOS LTDA;GI GROUP - BPO;4703;0AC79QBX800261;10346;NOTEBOOK SAMSUNG BOOK 2 CORE I7 SSD 512G;157;SEM OFFICE - PRICE 1;;22/07/2025;5648;;Retorno;320,00
119;GI GROUP BRASIL RECURSOS HUMANOS LTDA;GI GROUP - BPO;4744;PE0CV29Y;1067;NOTEBOOK LENOVO THINKPAD E14 G4 CORE I5;157;COM OFFICE;;22/07/2025;5653;;Retorno;322,50
119;GI GROUP BRASIL RECURSOS HUMANOS LTDA;GI GROUP - BPO;4747;PE0CV2AX;1067;NOTEBOOK LENOVO THINKPAD E14 G4 CORE I5;157;COM OFFICE;;22/07/2025;5653;;Retorno;322,50
119;GI GROUP BRASIL RECURSOS HUMANOS LTDA;GI GROUP - BPO;4748;PE0CV2E9;1067;NOTEBOOK LENOVO THINKPAD E14 G4 CORE I5;157;COM OFFICE;;22/07/2025;5653;;Retorno;322,50
119;GI GROUP BRASIL RECURSOS HUMANOS LTDA;GI GROUP - BPO;4750;PE0CV2B0;1067;NOTEBOOK LENOVO THINKPAD E14 G4 CORE I5;157;COM OFFICE;;22/07/2025;5653;;Retorno;322,50
119;GI GROUP BRASIL RECURSOS HUMANOS LTDA;GI GROUP - BPO;4752;PE0CV2A9;1067;NOTEBOOK LENOVO THINKPAD E14 G4 CORE I5;157;COM OFFICE;;22/07/2025;5653;;Retorno;322,50
119;GI GROUP BRASIL RECURSOS HUMANOS LTDA;GI GROUP - BPO;4755;PE0CV2EJ;1067;NOTEBOOK LENOVO THINKPAD E14 G4 CORE I5;157;COM OFFICE;;22/07/2025;5653;;Retorno;322,50
119;GI GROUP BRASIL RECURSOS HUMANOS LTDA;GI GROUP - BPO;6326;Y5UFHX5Y601903M;30612;MONITOR LCD SAMSUNG GAMER ESSENTIAL S3 2;157;PADRAO;;29/07/2025;5713;;Envio;65,00
119;GI GROUP BRASIL RECURSOS HUMANOS LTDA;GI GROUP - BPO;6327;Y5UFHX5Y602006J;30612;MONITOR LCD SAMSUNG GAMER ESSENTIAL S3 2;157;PADRAO;;29/07/2025;5713;;Envio;65,00
119;GI GROUP BRASIL RECURSOS HUMANOS LTDA;GI GROUP - BPO;6328;Y5UFHX5Y602144N;30612;MONITOR LCD SAMSUNG GAMER ESSENTIAL S3 2;157;PADRAO;;29/07/2025;5713;;Envio;65,00
119;GI GROUP BRASIL RECURSOS HUMANOS LTDA;GI GROUP - BPO;6329;Y5UFHX5Y601989Z;30612;MONITOR LCD SAMSUNG GAMER ESSENTIAL S3 2;157;PADRAO;;29/07/2025;5713;;Envio;65,00
119;GI GROUP BRASIL RECURSOS HUMANOS LTDA;GI GROUP - BPO;6330;Y5UFHX5Y601997P;30612;MONITOR LCD SAMSUNG GAMER ESSENTIAL S3 2;157;PADRAO;;29/07/2025;5713;;Envio;65,00
119;GI GROUP BRASIL RECURSOS HUMANOS LTDA;GI GROUP - BPO;6331;Y5UFHX5Y601954R;30612;MONITOR LCD SAMSUNG GAMER ESSENTIAL S3 2;157;PADRAO;;29/07/2025;5713;;Envio;65,00
119;GI GROUP BRASIL RECURSOS HUMANOS LTDA;GI GROUP - BPO;6332;Y5UFHX5Y601984P;30612;MONITOR LCD SAMSUNG GAMER ESSENTIAL S3 2;157;PADRAO;;29/07/2025;5713;;Envio;65,00
119;GI GROUP BRASIL RECURSOS HUMANOS LTDA;GI GROUP - BPO;6333;Y5UFHX5Y601985H;30612;MONITOR LCD SAMSUNG GAMER ESSENTIAL S3 2;157;PADRAO;;29/07/2025;5713;;Envio;65,00
119;GI GROUP BRASIL RECURSOS HUMANOS LTDA;GI GROUP - BPO;6334;Y5UFHX5Y601943D;30612;MONITOR LCD SAMSUNG GAMER ESSENTIAL S3 2;157;PADRAO;;29/07/2025;5713;;Envio;65,00
119;GI GROUP BRASIL RECURSOS HUMANOS LTDA;GI GROUP - BPO;6335;Y5UFHX5Y601994Y;30612;MONITOR LCD SAMSUNG GAMER ESSENTIAL S3 2;157;PADRAO;;29/07/2025;5713;;Envio;65,00
119;GI GROUP BRASIL RECURSOS HUMANOS LTDA;GI GROUP - BPO;6336;Y5UFHX5Y601992N;30612;MONITOR LCD SAMSUNG GAMER ESSENTIAL S3 2;157;PADRAO;;29/07/2025;5713;;Envio;65,00
119;GI GROUP BRASIL RECURSOS HUMANOS LTDA;GI GROUP - BPO;6337;Y5UFHX5Y601987X;30612;MONITOR LCD SAMSUNG GAMER ESSENTIAL S3 2;157;PADRAO;;29/07/2025;5713;;Envio;65,00
119;GI GROUP BRASIL RECURSOS HUMANOS LTDA;GI GROUP - BPO;6338;Y5UFHX5Y601991K;30612;MONITOR LCD SAMSUNG GAMER ESSENTIAL S3 2;157;PADRAO;;29/07/2025;5713;;Envio;65,00
119;GI GROUP BRASIL RECURSOS HUMANOS LTDA;GI GROUP - BPO;6339;Y5UFHX5Y602001V;30612;MONITOR LCD SAMSUNG GAMER ESSENTIAL S3 2;157;PADRAO;;29/07/2025;5713;;Envio;65,00
119;GI GROUP BRASIL RECURSOS HUMANOS LTDA;GI GROUP - BPO;6340;Y5UFHX5Y601944J;30612;MONITOR LCD SAMSUNG GAMER ESSENTIAL S3 2;157;PADRAO;;29/07/2025;5713;;Envio;65,00
119;GI GROUP BRASIL RECURSOS HUMANOS LTDA;GI GROUP - BPO;6341;Y5UFHX5Y601993W;30612;MONITOR LCD SAMSUNG GAMER ESSENTIAL S3 2;157;PADRAO;;29/07/2025;5713;;Envio;65,00
119;GI GROUP BRASIL RECURSOS HUMANOS LTDA;GI GROUP - BPO;6342;Y5UFHX5Y601947W;30612;MONITOR LCD SAMSUNG GAMER ESSENTIAL S3 2;157;PADRAO;;29/07/2025;5713;;Envio;65,00
119;GI GROUP BRASIL RECURSOS HUMANOS LTDA;GI GROUP - BPO;6343;Y5UFHX5Y601917Z;30612;MONITOR LCD SAMSUNG GAMER ESSENTIAL S3 2;157;PADRAO;;29/07/2025;5713;;Envio;65,00
119;GI GROUP BRASIL RECURSOS HUMANOS LTDA;GI GROUP - BPO;6344;Y5UFHX5Y601966A;30612;MONITOR LCD SAMSUNG GAMER ESSENTIAL S3 2;157;PADRAO;;29/07/2025;5713;;Envio;65,00
119;GI GROUP BRASIL RECURSOS HUMANOS LTDA;GI GROUP - BPO;6345;Y5UFHX5Y601964E;30612;MONITOR LCD SAMSUNG GAMER ESSENTIAL S3 2;157;PADRAO;;29/07/2025;5713;;Envio;65,00
119;GI GROUP BRASIL RECURSOS HUMANOS LTDA;GI GROUP - BPO;6346;Y5UFHX5Y601949F;30612;MONITOR LCD SAMSUNG GAMER ESSENTIAL S3 2;157;PADRAO;;29/07/2025;5713;;Envio;65,00
119;GI GROUP BRASIL RECURSOS HUMANOS LTDA;GI GROUP - BPO;6347;Y5UFHX5Y601990J;30612;MONITOR LCD SAMSUNG GAMER ESSENTIAL S3 2;157;PADRAO;;29/07/2025;5713;;Envio;65,00
119;GI GROUP BRASIL RECURSOS HUMANOS LTDA;GI GROUP - BPO;6348;Y5UFHX5Y601996L;30612;MONITOR LCD SAMSUNG GAMER ESSENTIAL S3 2;157;PADRAO;;29/07/2025;5713;;Envio;65,00
119;GI GROUP BRASIL RECURSOS HUMANOS LTDA;GI GROUP - BPO;6349;Y5UFHX5Y601952V;30612;MONITOR LCD SAMSUNG GAMER ESSENTIAL S3 2;157;PADRAO;;29/07/2025;5713;;Envio;65,00
119;GI GROUP BRASIL RECURSOS HUMANOS LTDA;GI GROUP - BPO;6350;Y5UFHX5Y601998H;30612;MONITOR LCD SAMSUNG GAMER ESSENTIAL S3 2;157;PADRAO;;29/07/2025;5713;;Envio;65,00
119;GI GROUP BRASIL RECURSOS HUMANOS LTDA;GI GROUP - BPO;6351;Y5UFHX5Y601956D;30612;MONITOR LCD SAMSUNG GAMER ESSENTIAL S3 2;157;PADRAO;;29/07/2025;5713;;Envio;65,00
119;GI GROUP BRASIL RECURSOS HUMANOS LTDA;GI GROUP - BPO;6352;Y5UFHX5Y602004T;30612;MONITOR LCD SAMSUNG GAMER ESSENTIAL S3 2;157;PADRAO;;29/07/2025;5713;;Envio;65,00
119;GI GROUP BRASIL RECURSOS HUMANOS LTDA;GI GROUP - BPO;6353;Y5UFHX5Y601999B;30612;MONITOR LCD SAMSUNG GAMER ESSENTIAL S3 2;157;PADRAO;;29/07/2025;5713;;Envio;65,00
119;GI GROUP BRASIL RECURSOS HUMANOS LTDA;GI GROUP - BPO;6354;Y5UFHX5Y602000E;30612;MONITOR LCD SAMSUNG GAMER ESSENTIAL S3 2;157;PADRAO;;29/07/2025;5713;;Envio;65,00
119;GI GROUP BRASIL RECURSOS HUMANOS LTDA;GI GROUP - BPO;6355;Y5UFHX5Y601986B;30612;MONITOR LCD SAMSUNG GAMER ESSENTIAL S3 2;157;PADRAO;;29/07/2025;5713;;Envio;65,00
120;GI GROUP BRASIL RECURSOS HUMANOS LTDA;GI GROUP - MATRIZ;2339;PE0BXFXW;1067;NOTEBOOK LENOVO THINKPAD E14 G4 CORE I5;159;COM OFFICE;;04/07/2025;5448;;Envio;322,50
120;GI GROUP BRASIL RECURSOS HUMANOS LTDA;GI GROUP - MATRIZ;4313;PE0CJ3XC;10259;NOTEBOOK LENOVO THINKPAD E14 G4 CORE I5;159;COM OFFICE;;07/07/2025;5446;;Envio;337,50
120;GI GROUP BRASIL RECURSOS HUMANOS LTDA;GI GROUP - MATRIZ;4544;PE0CVEB8;1067;NOTEBOOK LENOVO THINKPAD E14 G4 CORE I5;159;COM OFFICE;;09/07/2025;5449;;Envio;322,50
120;GI GROUP BRASIL RECURSOS HUMANOS LTDA;GI GROUP - MATRIZ;5629;8N08P74;10369;NOTEBOOK DELL LATITUDE 3450 CORE I7 SSD;159;COM OFFICE;;15/07/2025;5422;;Envio;382,50
120;GI GROUP BRASIL RECURSOS HUMANOS LTDA;GI GROUP - MATRIZ;4322;PE0CJBXP;10259;NOTEBOOK LENOVO THINKPAD E14 G4 CORE I5;159;COM OFFICE;;17/07/2025;5447;;Envio;337,50
120;GI GROUP BRASIL RECURSOS HUMANOS LTDA;GI GROUP - MATRIZ;5913;PE0A78M3;10334;NOTEBOOK LENOVO THINKPAD E14 G4 CORE I7;159;COM OFFICE;;21/07/2025;5627;;Envio;385,50
120;GI GROUP BRASIL RECURSOS HUMANOS LTDA;GI GROUP - MATRIZ;2971;PE0C7BQH;10334;NOTEBOOK LENOVO THINKPAD E14 G4 CORE I7;159;COM OFFICE;;22/07/2025;5646;;Envio;385,50
120;GI GROUP BRASIL RECURSOS HUMANOS LTDA;GI GROUP - MATRIZ;W00002;SH9DLVM9RJKM9;99403;APPLE PENCIL 2 MODELO A2051;176;24 MESES;;28/07/2025;5699;;Retorno;83,00
120;GI GROUP BRASIL RECURSOS HUMANOS LTDA;GI GROUP - MATRIZ;5927;BRM512KYF3;10288;NOTEBOOK HP 250R G9 CORE I5 1334U  SSD 2;178;48 MESES - 2025;;17/07/2025;5602;;Envio;199,00
120;GI GROUP BRASIL RECURSOS HUMANOS LTDA;GI GROUP - MATRIZ;5930;BRM512KY86;10288;NOTEBOOK HP 250R G9 CORE I5 1334U  SSD 2;178;48 MESES - 2025;;17/07/2025;5602;;Envio;199,00
120;GI GROUP BRASIL RECURSOS HUMANOS LTDA;GI GROUP - MATRIZ;5931;BRM512KY71;10288;NOTEBOOK HP 250R G9 CORE I5 1334U  SSD 2;178;48 MESES - 2025;;17/07/2025;5602;;Envio;199,00
120;GI GROUP BRASIL RECURSOS HUMANOS LTDA;GI GROUP - MATRIZ;5932;BRM512KY80;10288;NOTEBOOK HP 250R G9 CORE I5 1334U  SSD 2;178;48 MESES - 2025;;17/07/2025;5602;;Envio;199,00
120;GI GROUP BRASIL RECURSOS HUMANOS LTDA;GI GROUP - MATRIZ;5933;BRM512KY8F;10288;NOTEBOOK HP 250R G9 CORE I5 1334U  SSD 2;178;48 MESES - 2025;;17/07/2025;5602;;Envio;199,00
120;GI GROUP BRASIL RECURSOS HUMANOS LTDA;GI GROUP - MATRIZ;5934;BRM512KY8C;10288;NOTEBOOK HP 250R G9 CORE I5 1334U  SSD 2;178;48 MESES - 2025;;17/07/2025;5602;;Envio;199,00
120;GI GROUP BRASIL RECURSOS HUMANOS LTDA;GI GROUP - MATRIZ;5935;BRM512KY85;10288;NOTEBOOK HP 250R G9 CORE I5 1334U  SSD 2;178;48 MESES - 2025;;17/07/2025;5602;;Envio;199,00
120;GI GROUP BRASIL RECURSOS HUMANOS LTDA;GI GROUP - MATRIZ;5938;BRM512KY8V;10288;NOTEBOOK HP 250R G9 CORE I5 1334U  SSD 2;178;48 MESES - 2025;;17/07/2025;5602;;Envio;199,00
120;GI GROUP BRASIL RECURSOS HUMANOS LTDA;GI GROUP - MATRIZ;5939;BRM512KY8R;10288;NOTEBOOK HP 250R G9 CORE I5 1334U  SSD 2;178;48 MESES - 2025;;17/07/2025;5602;;Envio;199,00
120;GI GROUP BRASIL RECURSOS HUMANOS LTDA;GI GROUP - MATRIZ;5943;BRM512KY8J;10288;NOTEBOOK HP 250R G9 CORE I5 1334U  SSD 2;178;48 MESES - 2025;;17/07/2025;5602;;Envio;199,00
131;HADRONS TECNOLOGIA LTDA;HADRONS;4563;4QN5Z34;10260;NOTEBOOK DELL LATITUDE 3440 CORE I5 SSD;192;STORM;;01/07/2025;5354;;Retorno;232,00
131;HADRONS TECNOLOGIA LTDA;HADRONS;2427;PE0C0ET7;10334;NOTEBOOK LENOVO THINKPAD E14 G4 CORE I7;192;STORM;;16/07/2025;5582;;Envio;0,00
131;HADRONS TECNOLOGIA LTDA;HADRONS;001561;TT7WP6JG2J;1052;MACBOOK APPLE PRO 14 M1 SSD 512GB 16GB R;192;STORM;;17/07/2025;5587;;Envio;1.136,00
131;HADRONS TECNOLOGIA LTDA;HADRONS;4547;CZFR044;10266;NOTEBOOK DELL LATITUDE 3440 CORE I7  SSD;192;SAO PAULO;;28/07/2025;5652;;Envio;0,00
131;HADRONS TECNOLOGIA LTDA;HADRONS;2735;SGQJYJC671H;10513;MACBOOK APPLE PRO 16 M3 PRO MAX SSD 1TB;192;STORM;;31/07/2025;5731;;Envio;1.136,00
131;HADRONS TECNOLOGIA LTDA;HADRONS;2745;SJ7GC7VCY67;10512;MACBOOK APPLE PRO 14 M3 PRO SSD 512GB 18;192;STORM;;31/07/2025;5732;;Envio;1.136,00
135;INSTITUTO DE PREVIDENCIA DOS SERVIDORES PUBLICOS DO MUNICIPI;COTIAPREV;6177;PE0DAK8M;10272;NOTEBOOK LENOVO THINKPAD E14 G6  ULTRA 5;211;COM OFFICE;;18/07/2025;5561;;Envio;344,00
135;INSTITUTO DE PREVIDENCIA DOS SERVIDORES PUBLICOS DO MUNICIPI;COTIAPREV;6314;PE0E1Q9L;10272;NOTEBOOK LENOVO THINKPAD E14 G6  ULTRA 5;211;COM OFFICE;;18/07/2025;5561;;Envio;344,00
140;STRATEGIC PORTFOLIO ADVISORS - GESTORA DE RECURSOS LTDA;STRATEGIC PORTFOLIO ADVISORS - GESTORA D;4313;PE0CJ3XC;10259;NOTEBOOK LENOVO THINKPAD E14 G4 CORE I5;216;SP;;01/07/2025;5374;;Retorno;248,00
140;STRATEGIC PORTFOLIO ADVISORS - GESTORA DE RECURSOS LTDA;STRATEGIC PORTFOLIO ADVISORS - GESTORA D;5927;BRM512KYF3;10288;NOTEBOOK HP 250R G9 CORE I5 1334U  SSD 2;216;SP;;01/07/2025;5374;;Retorno;248,00
156;ALL CUBO EVENTOS LTDA;ALL CUBO LIVE MKT;5930;BRM512KY86;10288;NOTEBOOK HP 250R G9 CORE I5 1334U  SSD 2;250;SAO PAULO;;02/07/2025;5425;;Retorno;249,00
156;ALL CUBO EVENTOS LTDA;ALL CUBO LIVE MKT;5931;BRM512KY71;10288;NOTEBOOK HP 250R G9 CORE I5 1334U  SSD 2;250;SAO PAULO;;02/07/2025;5425;;Retorno;249,00
156;ALL CUBO EVENTOS LTDA;ALL CUBO LIVE MKT;5932;BRM512KY80;10288;NOTEBOOK HP 250R G9 CORE I5 1334U  SSD 2;250;SAO PAULO;;02/07/2025;5425;;Retorno;249,00
156;ALL CUBO EVENTOS LTDA;ALL CUBO LIVE MKT;5933;BRM512KY8F;10288;NOTEBOOK HP 250R G9 CORE I5 1334U  SSD 2;250;SAO PAULO;;02/07/2025;5425;;Retorno;249,00
156;ALL CUBO EVENTOS LTDA;ALL CUBO LIVE MKT;5934;BRM512KY8C;10288;NOTEBOOK HP 250R G9 CORE I5 1334U  SSD 2;250;SAO PAULO;;02/07/2025;5425;;Retorno;249,00
156;ALL CUBO EVENTOS LTDA;ALL CUBO LIVE MKT;5935;BRM512KY85;10288;NOTEBOOK HP 250R G9 CORE I5 1334U  SSD 2;250;SAO PAULO;;02/07/2025;5425;;Retorno;249,00
156;ALL CUBO EVENTOS LTDA;ALL CUBO LIVE MKT;5936;BRM512KY7T;10288;NOTEBOOK HP 250R G9 CORE I5 1334U  SSD 2;250;SAO PAULO;;02/07/2025;5425;;Retorno;249,00
156;ALL CUBO EVENTOS LTDA;ALL CUBO LIVE MKT;5938;BRM512KY8V;10288;NOTEBOOK HP 250R G9 CORE I5 1334U  SSD 2;250;SAO PAULO;;02/07/2025;5425;;Retorno;249,00
156;ALL CUBO EVENTOS LTDA;ALL CUBO LIVE MKT;5939;BRM512KY8R;10288;NOTEBOOK HP 250R G9 CORE I5 1334U  SSD 2;250;SAO PAULO;;02/07/2025;5425;;Retorno;249,00
156;ALL CUBO EVENTOS LTDA;ALL CUBO LIVE MKT;5943;BRM512KY8J;10288;NOTEBOOK HP 250R G9 CORE I5 1334U  SSD 2;250;SAO PAULO;;02/07/2025;5425;;Retorno;249,00
156;ALL CUBO EVENTOS LTDA;ALL CUBO LIVE MKT;5523;PE0DPA9C;10282;NOTEBOOK LENOVO THINKBOOK 14 CORE I5 SSD;250;SAO PAULO;;03/07/2025;5379;;Retorno;249,00
156;ALL CUBO EVENTOS LTDA;ALL CUBO LIVE MKT;5526;PE0DP9MY;10282;NOTEBOOK LENOVO THINKBOOK 14 CORE I5 SSD;250;SAO PAULO;;03/07/2025;5379;;Retorno;249,00
156;ALL CUBO EVENTOS LTDA;ALL CUBO LIVE MKT;5533;PE0DP9NL;10282;NOTEBOOK LENOVO THINKBOOK 14 CORE I5 SSD;250;SAO PAULO;;03/07/2025;5379;;Retorno;249,00
156;ALL CUBO EVENTOS LTDA;ALL CUBO LIVE MKT;5534;PE0DPA9V;10282;NOTEBOOK LENOVO THINKBOOK 14 CORE I5 SSD;250;SAO PAULO;;03/07/2025;5379;;Retorno;249,00
156;ALL CUBO EVENTOS LTDA;ALL CUBO LIVE MKT;5537;PE0DP9NG;10282;NOTEBOOK LENOVO THINKBOOK 14 CORE I5 SSD;250;SAO PAULO;;03/07/2025;5379;;Retorno;249,00
156;ALL CUBO EVENTOS LTDA;ALL CUBO LIVE MKT;5941;BRM512KY8W;10288;NOTEBOOK HP 250R G9 CORE I5 1334U  SSD 2;250;SAO PAULO;;03/07/2025;5424;;Envio;249,00
156;ALL CUBO EVENTOS LTDA;ALL CUBO LIVE MKT;6003;BRM512KYD8;10288;NOTEBOOK HP 250R G9 CORE I5 1334U  SSD 2;250;SAO PAULO;;03/07/2025;5424;;Envio;249,00
156;ALL CUBO EVENTOS LTDA;ALL CUBO LIVE MKT;6004;BRM512KYVL;10288;NOTEBOOK HP 250R G9 CORE I5 1334U  SSD 2;250;SAO PAULO;;03/07/2025;5424;;Envio;249,00
156;ALL CUBO EVENTOS LTDA;ALL CUBO LIVE MKT;6013;BRM512KYFC;10288;NOTEBOOK HP 250R G9 CORE I5 1334U  SSD 2;250;SAO PAULO;;03/07/2025;5424;;Envio;249,00
156;ALL CUBO EVENTOS LTDA;ALL CUBO LIVE MKT;6014;BRM512KYFJ;10288;NOTEBOOK HP 250R G9 CORE I5 1334U  SSD 2;250;SAO PAULO;;03/07/2025;5424;;Envio;249,00
156;ALL CUBO EVENTOS LTDA;ALL CUBO LIVE MKT;6015;BRM512KYW6;10288;NOTEBOOK HP 250R G9 CORE I5 1334U  SSD 2;250;SAO PAULO;;03/07/2025;5424;;Envio;249,00
156;ALL CUBO EVENTOS LTDA;ALL CUBO LIVE MKT;6016;BRM512KY7W;10288;NOTEBOOK HP 250R G9 CORE I5 1334U  SSD 2;250;SAO PAULO;;03/07/2025;5424;;Envio;249,00
156;ALL CUBO EVENTOS LTDA;ALL CUBO LIVE MKT;6017;BRM512KYH2;10288;NOTEBOOK HP 250R G9 CORE I5 1334U  SSD 2;250;SAO PAULO;;03/07/2025;5424;;Envio;249,00
156;ALL CUBO EVENTOS LTDA;ALL CUBO LIVE MKT;6018;BRM512KYW1;10288;NOTEBOOK HP 250R G9 CORE I5 1334U  SSD 2;250;SAO PAULO;;03/07/2025;5424;;Envio;249,00
156;ALL CUBO EVENTOS LTDA;ALL CUBO LIVE MKT;6019;BRM512KY84;10288;NOTEBOOK HP 250R G9 CORE I5 1334U  SSD 2;250;SAO PAULO;;03/07/2025;5424;;Envio;249,00
156;ALL CUBO EVENTOS LTDA;ALL CUBO LIVE MKT;6012;BRM512KYVD;10288;NOTEBOOK HP 250R G9 CORE I5 1334U  SSD 2;250;SAO PAULO;;23/07/2025;5628;;Envio;249,00
156;ALL CUBO EVENTOS LTDA;ALL CUBO LIVE MKT;6013;BRM512KYFC;10288;NOTEBOOK HP 250R G9 CORE I5 1334U  SSD 2;250;SAO PAULO;;23/07/2025;5628;;Retorno;249,00
161;OLIMPIA PARTNERS ASSESSORIA LTDA.;OLIMPIA PARTNERS ASSESSORIA LTDA.;1314;PE07CEC0;1022;NOTEBOOK LENOVO THINKPAD E14 G2 CORE I5;257;SAO PAULO;;04/07/2025;5445;;Envio;356,00
