Local;COD Cliente;Razão Social;Nome Fantasia;ATIVO;Série do Fabricante;Condição;COD Produto;Descrição PRO;Valor da Compra;Inativo;Contrato;Setor;Responsável;Data Movimento;Num.OS;Observação;Envio / Retorno;Val Cobrado
WEBACK [0];3;360 STARTUP IMOBILIARIA LTDA;360 M2;4423;189O2XA005934;Novo;3044;MONITOR AOC 21.5 22P2UM;539,99;;1;;;08/08/2025;5870;;Envio;52,00
WEBACK [0];3;360 STARTUP IMOBILIARIA LTDA;360 M2;4427;189O2XA006005;Novo;3044;MONITOR AOC 21.5 22P2UM;539,99;;1;;;08/08/2025;5870;;Envio;52,00
WEBACK [0];3;360 STARTUP IMOBILIARIA LTDA;360 M2;4990;17X4T64;Novo;10278;NOTEBOOK DELL LATITUDE 3450 CORE I5 SSD;0,00;;1;;;08/08/2025;5876;;Envio;268,00
WEBACK [0];3;360 STARTUP IMOBILIARIA LTDA;360 M2;4991;BDDCS64;Novo;10278;NOTEBOOK DELL LATITUDE 3450 CORE I5 SSD;0,00;;1;;;08/08/2025;5876;;Envio;268,00
WEBACK [0];3;360 STARTUP IMOBILIARIA LTDA;360 M2;5937;BRM512KY8T;Novo;10288;NOTEBOOK HP 250R G9 CORE I5 1334U  SSD 2;3.099,00;;1;;;08/08/2025;5870;;Envio;268,00
WEBACK [0];3;360 STARTUP IMOBILIARIA LTDA;360 M2;5937;BRM512KY8T;Novo;10288;NOTEBOOK HP 250R G9 CORE I5 1334U  SSD 2;3.099,00;;1;;;08/08/2025;5877;;Retorno;268,00
WEBACK [0];3;360 STARTUP IMOBILIARIA LTDA;360 M2;5984;BRM512KYCH;Novo;10288;NOTEBOOK HP 250R G9 CORE I5 1334U  SSD 2;3.099,00;;1;;;08/08/2025;5870;;Envio;268,00
WEBACK [0];3;360 STARTUP IMOBILIARIA LTDA;360 M2;5984;BRM512KYCH;Novo;10288;NOTEBOOK HP 250R G9 CORE I5 1334U  SSD 2;3.099,00;;1;;;08/08/2025;5877;;Retorno;268,00
WEBACK [0];11;GLOBO COMUNICACAO E PARTICIPACOES S/A;TV GLOBO_ESTUDIOS;1147;3,52856E+14;Novo;4021;TABLET SAMSUNG GALAXY TAB S6 LITE 4G 64G;0,00;;245;PADRAO;;07/08/2025;5833;;Envio;180,00
WEBACK [0];26;INSIGHTFUL TESTES DE SOFTWARE LTDA;INSIGHTFUL;5919;PE0AV4R5;Novo;1057;NOTEBOOK LENOVO THINKPAD L14 G2 CORE I5;2.949,99;;48;C/ 32GB;;06/08/2025;5836;;Envio;275,00
WEBACK [0];26;INSIGHTFUL TESTES DE SOFTWARE LTDA;INSIGHTFUL;4458;2SN5Z34;Novo;10276;NOTEBOOK DELL LATITUDE 3440 CORE I5  SSD;3.562,81;;48;SAO PAULO;;07/08/2025;5872;;Retorno;275,00
WEBACK [0];36;K2 PARTNERING SOLUTIONS DO BRASIL CONSUL;K2 PARTNERING SOLUTIONS;2110;PE0AAC59;Novo;1054;NOTEBOOK LENOVO THINKPAD L14 AMD R7 PRO;2.287,51;;51;PRICE LIST 2 - 64GB;;01/08/2025;5753;;Envio;460,00
WEBACK [0];36;K2 PARTNERING SOLUTIONS DO BRASIL CONSUL;K2 PARTNERING SOLUTIONS;2155;PE0AAC84;Novo;1054;NOTEBOOK LENOVO THINKPAD L14 AMD R7 PRO;4.480,26;;51;PRICE LIST 2 - 1TB E 32GB RAM;;01/08/2025;5780;;Envio;392,80
WEBACK [0];36;K2 PARTNERING SOLUTIONS DO BRASIL CONSUL;K2 PARTNERING SOLUTIONS;2888;SFKW72J6RVK;Novo;10512;MACBOOK APPLE PRO 14 M3 PRO SSD 512GB 18;14.305,00;;51;K2 PARTNERING SOLUTIONS DO BRASIL CONSUL;;01/08/2025;5743;;Envio;1.150,00
WEBACK [0];36;K2 PARTNERING SOLUTIONS DO BRASIL CONSUL;K2 PARTNERING SOLUTIONS;5620;GL08P74;Novo;10369;NOTEBOOK DELL LATITUDE 3450 CORE I7 SSD;5.355,97;;51;PRICE LIST 2;;01/08/2025;5767;;Envio;307,80
WEBACK [0];36;K2 PARTNERING SOLUTIONS DO BRASIL CONSUL;K2 PARTNERING SOLUTIONS;5693;PE0DP9YE;Novo;10282;NOTEBOOK LENOVO THINKBOOK 14 CORE I5 SSD;4.525,99;;51;PRICE LISTµ2;;01/08/2025;5738;;Envio;234,00
WEBACK [0];36;K2 PARTNERING SOLUTIONS DO BRASIL CONSUL;K2 PARTNERING SOLUTIONS;5858;PE0CCS4K;Novo;1067;NOTEBOOK LENOVO THINKPAD E14 G4 CORE I5;4.200,00;;51;PRICE LIST 2;;01/08/2025;5786;;Retorno;234,00
WEBACK [0];36;K2 PARTNERING SOLUTIONS DO BRASIL CONSUL;K2 PARTNERING SOLUTIONS;5892;PE072RM5;Novo;1028;NOTEBOOK LENOVO THINKPAD E14 G1 CORE I5;2.699,99;;51;PRICE LIST 2 - 16GB;;01/08/2025;5779;;Retorno;234,00
WEBACK [0];36;K2 PARTNERING SOLUTIONS DO BRASIL CONSUL;K2 PARTNERING SOLUTIONS;1254;PE09EP8T;Novo;1025;NOTEBOOK LENOVO THINKPAD E14 G2 CORE I5;0,00;;51;K2 - 8GB;;04/08/2025;5772;;Envio;219,00
WEBACK [0];36;K2 PARTNERING SOLUTIONS DO BRASIL CONSUL;K2 PARTNERING SOLUTIONS;1363;PE07CDRN;Novo;1025;NOTEBOOK LENOVO THINKPAD E14 G2 CORE I5;0,00;;51;K2 PARTNERING SOLUTIONS DO BRASIL CONSUL;*;04/08/2025;5808;;Retorno;260,00
WEBACK [0];36;K2 PARTNERING SOLUTIONS DO BRASIL CONSUL;K2 PARTNERING SOLUTIONS;1712;PE061RV6;Novo;1028;NOTEBOOK LENOVO THINKPAD E14 G1 CORE I5;0,00;;51;K2 - 16GB;;04/08/2025;5789;;Retorno;260,00
WEBACK [0];36;K2 PARTNERING SOLUTIONS DO BRASIL CONSUL;K2 PARTNERING SOLUTIONS;1714;PE07RXCE;Novo;10232;NOTEBOOK LENOVO THINKPAD T14 G2 CORE I5;0,00;;51;K2 PARTNERING SOLUTIONS DO BRASIL CONSUL;;04/08/2025;5806;;Retorno;260,00
WEBACK [0];36;K2 PARTNERING SOLUTIONS DO BRASIL CONSUL;K2 PARTNERING SOLUTIONS;4512;PE072GRS;Novo;10212;NOTEBOOK LENOVO THINKPAD E14 G1 CORE I5;4.169,99;;51;PRICE LIST 2;;04/08/2025;5772;;Retorno;234,00
WEBACK [0];36;K2 PARTNERING SOLUTIONS DO BRASIL CONSUL;K2 PARTNERING SOLUTIONS;5692;PE0DP9XY;Novo;10282;NOTEBOOK LENOVO THINKBOOK 14 CORE I5 SSD;4.525,99;;51;K2 PARTNERING SOLUTIONS DO BRASIL CONSUL;;04/08/2025;5805;;Retorno;260,00
WEBACK [0];36;K2 PARTNERING SOLUTIONS DO BRASIL CONSUL;K2 PARTNERING SOLUTIONS;5768;PE06KTSN;Novo;10218;NOTEBOOK LENOVO THINKPAD T14 G1 CORE I5;1.871,50;;51;PRICE LIST 2;;04/08/2025;5782;;Envio;234,00
WEBACK [0];36;K2 PARTNERING SOLUTIONS DO BRASIL CONSUL;K2 PARTNERING SOLUTIONS;6245;PE0EAED4;Novo;10282;NOTEBOOK LENOVO THINKBOOK 14 CORE I5 SSD;4.394,50;;51;PRICE LIST 2 - 24GB;;04/08/2025;5706;;Envio;254,00
WEBACK [0];36;K2 PARTNERING SOLUTIONS DO BRASIL CONSUL;K2 PARTNERING SOLUTIONS;2232;8PQ06V3;Novo;10226;NOTEBOOK DELL LATITUDE 5420 CORE I5 SSD;6.525,74;;51;K2 PARTNERING SOLUTIONS DO BRASIL CONSUL;*;05/08/2025;5835;;Retorno;340,00
WEBACK [0];36;K2 PARTNERING SOLUTIONS DO BRASIL CONSUL;K2 PARTNERING SOLUTIONS;5701;PE0DP931;Novo;10282;NOTEBOOK LENOVO THINKBOOK 14 CORE I5 SSD;4.525,99;;51;PRICE LISTµ2;;05/08/2025;5834;;Retorno;234,00
WEBACK [0];36;K2 PARTNERING SOLUTIONS DO BRASIL CONSUL;K2 PARTNERING SOLUTIONS;6080;SPE0EBZAP;Novo;10282;NOTEBOOK LENOVO THINKBOOK 14 CORE I5 SSD;4.394,51;;51;PRICE LISTµ2;;05/08/2025;5821;;Envio;234,00
WEBACK [0];36;K2 PARTNERING SOLUTIONS DO BRASIL CONSUL;K2 PARTNERING SOLUTIONS;1632;C2MDYX3;Novo;10316;NOTEBOOK DELL LATITUDE 3420 CORE I7 SSD;6.564,55;;51;PRICE LIST 2;;06/08/2025;5863;;Retorno;307,80
WEBACK [0];36;K2 PARTNERING SOLUTIONS DO BRASIL CONSUL;K2 PARTNERING SOLUTIONS;2650;BR067NW4TVB0032321LL;Novo;3067;MONITOR DELL 24 P2422H;1.924,00;;51;LOTE PONTUAL - 5 PECAS;;06/08/2025;5865;;Retorno;51,00
WEBACK [0];36;K2 PARTNERING SOLUTIONS DO BRASIL CONSUL;K2 PARTNERING SOLUTIONS;4368;GTN5Z34;Novo;10260;NOTEBOOK DELL LATITUDE 3440 CORE I5 SSD;3.562,81;;51;PRICE LIST 2;;06/08/2025;5817;;Envio;234,00
WEBACK [0];36;K2 PARTNERING SOLUTIONS DO BRASIL CONSUL;K2 PARTNERING SOLUTIONS;4748;PE0CV2E9;Novo;1067;NOTEBOOK LENOVO THINKPAD E14 G4 CORE I5;3.502,20;;51;PRICE LIST 2;;06/08/2025;5791;;Envio;234,00
WEBACK [0];36;K2 PARTNERING SOLUTIONS DO BRASIL CONSUL;K2 PARTNERING SOLUTIONS;5811;H4HRCJ3;Novo;10314;NOTEBOOK DELL LATITUDE 3420 CORE I7 SSD;0,00;;51;PRICE LIST 2;;06/08/2025;5864;;Retorno;307,80
WEBACK [0];36;K2 PARTNERING SOLUTIONS DO BRASIL CONSUL;K2 PARTNERING SOLUTIONS;5906;PE08LSF8;Novo;1022;NOTEBOOK LENOVO THINKPAD E14 G2 CORE I5;4.169,99;;51;PRICE LIST 2 - 16GB;;06/08/2025;5810;;Envio;234,00
WEBACK [0];36;K2 PARTNERING SOLUTIONS DO BRASIL CONSUL;K2 PARTNERING SOLUTIONS;6074;SPE0EBZBK;Novo;10282;NOTEBOOK LENOVO THINKBOOK 14 CORE I5 SSD;4.394,51;;51;PRICE LISTµ2;;06/08/2025;5861;;Envio;234,00
WEBACK [0];36;K2 PARTNERING SOLUTIONS DO BRASIL CONSUL;K2 PARTNERING SOLUTIONS;6087;SPE0EBZBG;Novo;10282;NOTEBOOK LENOVO THINKBOOK 14 CORE I5 SSD;4.394,51;;51;PRICE LISTµ2;;06/08/2025;5859;;Envio;234,00
WEBACK [0];36;K2 PARTNERING SOLUTIONS DO BRASIL CONSUL;K2 PARTNERING SOLUTIONS;6207;PE0EEM3K;Novo;10282;NOTEBOOK LENOVO THINKBOOK 14 CORE I5 SSD;4.394,50;;51;PRICE LISTµ2;;06/08/2025;5856;;Envio;234,00
WEBACK [0];36;K2 PARTNERING SOLUTIONS DO BRASIL CONSUL;K2 PARTNERING SOLUTIONS;6223;PE0EC4LP;Novo;10282;NOTEBOOK LENOVO THINKBOOK 14 CORE I5 SSD;4.394,50;;51;PRICE LISTµ2;;06/08/2025;5856;;Envio;234,00
WEBACK [0];36;K2 PARTNERING SOLUTIONS DO BRASIL CONSUL;K2 PARTNERING SOLUTIONS;6255;PE0EA0GL;Novo;10282;NOTEBOOK LENOVO THINKBOOK 14 CORE I5 SSD;4.394,50;;51;PRICE LISTµ2;;06/08/2025;5856;;Envio;234,00
WEBACK [0];36;K2 PARTNERING SOLUTIONS DO BRASIL CONSUL;K2 PARTNERING SOLUTIONS;6274;PE0EC4BS;Novo;10282;NOTEBOOK LENOVO THINKBOOK 14 CORE I5 SSD;4.394,50;;51;PRICE LISTµ2;;06/08/2025;5856;;Envio;234,00
WEBACK [0];36;K2 PARTNERING SOLUTIONS DO BRASIL CONSUL;K2 PARTNERING SOLUTIONS;6275;PE0EBZAS;Novo;10282;NOTEBOOK LENOVO THINKBOOK 14 CORE I5 SSD;4.394,50;;51;PRICE LISTµ2;;06/08/2025;5856;;Envio;234,00
WEBACK [0];36;K2 PARTNERING SOLUTIONS DO BRASIL CONSUL;K2 PARTNERING SOLUTIONS;1348;PE072S6H;Novo;1028;NOTEBOOK LENOVO THINKPAD E14 G1 CORE I5;0,00;;51;PRICE LIST 2 - 16GB;;07/08/2025;5878;;Retorno;234,00
WEBACK [0];36;K2 PARTNERING SOLUTIONS DO BRASIL CONSUL;K2 PARTNERING SOLUTIONS;2150;PE0AAC8M;Novo;1054;NOTEBOOK LENOVO THINKPAD L14 AMD R7 PRO;4.480,26;;51;PRICE LIST 2 - 32GB;;07/08/2025;5825;;Envio;347,80
WEBACK [0];36;K2 PARTNERING SOLUTIONS DO BRASIL CONSUL;K2 PARTNERING SOLUTIONS;5553;PE0DPA8B;Novo;10282;NOTEBOOK LENOVO THINKBOOK 14 CORE I5 SSD;4.525,99;;51;PRICE LISTµ2;;07/08/2025;5867;;Envio;234,00
WEBACK [0];36;K2 PARTNERING SOLUTIONS DO BRASIL CONSUL;K2 PARTNERING SOLUTIONS;6076;SPE0EBZAL;Novo;10282;NOTEBOOK LENOVO THINKBOOK 14 CORE I5 SSD;4.394,51;;51;PRICE LISTµ2;;07/08/2025;5862;;Envio;234,00
WEBACK [0];36;K2 PARTNERING SOLUTIONS DO BRASIL CONSUL;K2 PARTNERING SOLUTIONS;1052;PE07D1B6;Novo;1025;NOTEBOOK LENOVO THINKPAD E14 G2 CORE I5;0,00;;51;K2 PARTNERING SOLUTIONS DO BRASIL CONSUL;*;08/08/2025;5879;;Retorno;260,00
WEBACK [0];36;K2 PARTNERING SOLUTIONS DO BRASIL CONSUL;K2 PARTNERING SOLUTIONS;1996;PE06Z3FZ;Novo;10212;NOTEBOOK LENOVO THINKPAD E14 G1 CORE I5;0,00;;51;K2 PARTNERING SOLUTIONS DO BRASIL CONSUL;*;08/08/2025;5880;;Retorno;260,00
WEBACK [0];36;K2 PARTNERING SOLUTIONS DO BRASIL CONSUL;K2 PARTNERING SOLUTIONS;2335;PE0BXG0K;Novo;1067;NOTEBOOK LENOVO THINKPAD E14 G4 CORE I5;6.500,00;;51;PRICE LIST 2;;08/08/2025;5792;;Envio;234,00
WEBACK [0];36;K2 PARTNERING SOLUTIONS DO BRASIL CONSUL;K2 PARTNERING SOLUTIONS;2351;PE08C2BM;Novo;1040;NOTEBOOK LENOVO THINKPAD T14 RYZEN 7 G1;4.373,22;;51;PRICE LIST 2;;08/08/2025;5882;;Envio;307,80
WEBACK [0];36;K2 PARTNERING SOLUTIONS DO BRASIL CONSUL;K2 PARTNERING SOLUTIONS;2401;PE0BPPH9;Novo;10231;NOTEBOOK LENOVO THINKPAD T14 G2 CORE I5;4.029,99;;51;PRICE LIST 2 - 16GB;;08/08/2025;5785;;Envio;234,00
WEBACK [0];36;K2 PARTNERING SOLUTIONS DO BRASIL CONSUL;K2 PARTNERING SOLUTIONS;4090;PE0C7TAQ;Novo;1067;NOTEBOOK LENOVO THINKPAD E14 G4 CORE I5;2.099,87;;51;K2 PARTNERING SOLUTIONS DO BRASIL CONSUL;;08/08/2025;5884;;Retorno;260,00
WEBACK [0];36;K2 PARTNERING SOLUTIONS DO BRASIL CONSUL;K2 PARTNERING SOLUTIONS;4755;PE0CV2EJ;Novo;1067;NOTEBOOK LENOVO THINKPAD E14 G4 CORE I5;3.502,20;;51;PRICE LIST 2;;08/08/2025;5809;;Envio;234,00
WEBACK [0];52;WORK ON PEOPLE SERVICOS LTDA;WORK ON;1334;PE06S9ND;Novo;10212;NOTEBOOK LENOVO THINKPAD E14 G1 CORE I5;0,00;;56;512GB - PROTECAO E OFFICE;;07/08/2025;5858;;Envio;345,90
WEBACK [0];77;TBEA ENERGY BRAZIL LTDA.;TBEA BRAZIL;2131;J5YBZM3;Novo;1023;NOTEBOOK DELL LATITUDE 3420 CORE I5 SSD;5.600,81;;181;TBEA;;07/08/2025;5794;;Envio;1.590,00
WEBACK [0];78;WIBO SOLUCOES EM TECNOLOGIA S.A.;WIBO;4224;PE0CJBYK;Novo;10334;NOTEBOOK LENOVO THINKPAD E14 G4 CORE I7;2.716,61;;79;WIBO SOLUCOES EM TECNOLOGIA S.A.;;08/08/2025;5873;;Envio;308,00
WEBACK [0];81;MONTANA QUIMICA LTDA.;MONTANA QUIMICA;6357;PE0EAT8F;Novo;10381;NOTEBOOK LENOVO V15 G4 CORE I7 SSD 512GB;4.325,00;;261;COM OFFICE;;01/08/2025;5769;;Envio;302,50
WEBACK [0];81;MONTANA QUIMICA LTDA.;MONTANA QUIMICA;6358;PE0EAVW1;Novo;10381;NOTEBOOK LENOVO V15 G4 CORE I7 SSD 512GB;4.325,00;;261;COM OFFICE;;01/08/2025;5769;;Envio;302,50
WEBACK [0];81;MONTANA QUIMICA LTDA.;MONTANA QUIMICA;6359;PE0EASWF;Novo;10381;NOTEBOOK LENOVO V15 G4 CORE I7 SSD 512GB;4.325,00;;261;COM OFFICE;;01/08/2025;5769;;Envio;302,50
WEBACK [0];81;MONTANA QUIMICA LTDA.;MONTANA QUIMICA;6360;PE0EAVW6;Novo;10381;NOTEBOOK LENOVO V15 G4 CORE I7 SSD 512GB;4.325,00;;261;COM OFFICE;;01/08/2025;5769;;Envio;302,50
WEBACK [0];81;MONTANA QUIMICA LTDA.;MONTANA QUIMICA;6361;PE0EAVVS;Novo;10381;NOTEBOOK LENOVO V15 G4 CORE I7 SSD 512GB;4.325,00;;261;COM OFFICE;;01/08/2025;5769;;Envio;302,50
WEBACK [0];81;MONTANA QUIMICA LTDA.;MONTANA QUIMICA;6362;PE0EAT7T;Novo;10381;NOTEBOOK LENOVO V15 G4 CORE I7 SSD 512GB;4.325,00;;261;COM OFFICE;;01/08/2025;5769;;Envio;302,50
WEBACK [0];81;MONTANA QUIMICA LTDA.;MONTANA QUIMICA;6363;PE0EAVTX;Novo;10381;NOTEBOOK LENOVO V15 G4 CORE I7 SSD 512GB;4.325,00;;261;COM OFFICE;;01/08/2025;5769;;Envio;302,50
WEBACK [0];81;MONTANA QUIMICA LTDA.;MONTANA QUIMICA;6364;PE0EAVTR;Novo;10381;NOTEBOOK LENOVO V15 G4 CORE I7 SSD 512GB;4.325,00;;261;COM OFFICE;;01/08/2025;5769;;Envio;302,50
WEBACK [0];81;MONTANA QUIMICA LTDA.;MONTANA QUIMICA;6366;PE0EAT8J;Novo;10381;NOTEBOOK LENOVO V15 G4 CORE I7 SSD 512GB;4.325,00;;261;COM OFFICE;;01/08/2025;5769;;Envio;302,50
WEBACK [0];81;MONTANA QUIMICA LTDA.;MONTANA QUIMICA;6367;PE0EAVVW;Novo;10381;NOTEBOOK LENOVO V15 G4 CORE I7 SSD 512GB;4.325,00;;261;COM OFFICE;;01/08/2025;5769;;Envio;302,50
WEBACK [0];81;MONTANA QUIMICA LTDA.;MONTANA QUIMICA;6368;PE0EASWJ;Novo;10381;NOTEBOOK LENOVO V15 G4 CORE I7 SSD 512GB;4.325,00;;261;COM OFFICE;;01/08/2025;5769;;Envio;302,50
WEBACK [0];81;MONTANA QUIMICA LTDA.;MONTANA QUIMICA;6369;PE0EAT9A;Novo;10381;NOTEBOOK LENOVO V15 G4 CORE I7 SSD 512GB;4.325,00;;261;COM OFFICE;;01/08/2025;5769;;Envio;302,50
WEBACK [0];81;MONTANA QUIMICA LTDA.;MONTANA QUIMICA;6370;PE0EAVCM;Novo;10381;NOTEBOOK LENOVO V15 G4 CORE I7 SSD 512GB;4.325,00;;261;COM OFFICE;;01/08/2025;5769;;Envio;302,50
WEBACK [0];86;TCHETURBO PROVEDOR DE INTERNET LTDA;TCHETURBO INTERNET PROVIDER;6323;PE0AV91B;Novo;1057;NOTEBOOK LENOVO THINKPAD L14 G2 CORE I5;2.949,99;;83;TCHETURBO PROVEDOR DE INTERNET LTDA;;04/08/2025;5688;;Envio;265,00
WEBACK [0];90;CAST PARTICIPACOES S.A.;CAST PARTICIPACOES S.A.;6206;PE0EEM3J;Novo;10282;NOTEBOOK LENOVO THINKBOOK 14 CORE I5 SSD;4.394,50;;93;SP;;01/08/2025;5704;;Envio;259,00
WEBACK [0];90;CAST PARTICIPACOES S.A.;CAST PARTICIPACOES S.A.;6216;PE0EC4GD;Novo;10282;NOTEBOOK LENOVO THINKBOOK 14 CORE I5 SSD;4.394,50;;93;SP;;01/08/2025;5723;;Envio;259,00
WEBACK [0];90;CAST PARTICIPACOES S.A.;CAST PARTICIPACOES S.A.;6218;PE0EC4HA;Novo;10282;NOTEBOOK LENOVO THINKBOOK 14 CORE I5 SSD;4.394,50;;93;SP;;01/08/2025;5704;;Envio;259,00
WEBACK [0];90;CAST PARTICIPACOES S.A.;CAST PARTICIPACOES S.A.;6136;2RP5HB4;Novo;10369;NOTEBOOK DELL LATITUDE 3450 CORE I7 SSD;5.348,57;;93;C 32GB;;02/08/2025;5781;;Envio;313,00
WEBACK [0];90;CAST PARTICIPACOES S.A.;CAST PARTICIPACOES S.A.;1942;PE0AVZQJ;Novo;10315;NOTEBOOK LENOVO THINKPAD L14 CORE I7 SSD;5.021,00;;93;C 32GB;;04/08/2025;5781;;Envio;319,00
WEBACK [0];90;CAST PARTICIPACOES S.A.;CAST PARTICIPACOES S.A.;6140;BRP5HB4;Novo;10369;NOTEBOOK DELL LATITUDE 3450 CORE I7 SSD;5.348,57;;93;C 32GB;;04/08/2025;5781;;Envio;313,00
WEBACK [0];90;CAST PARTICIPACOES S.A.;CAST PARTICIPACOES S.A.;6162;7PP5HB4;Novo;10369;NOTEBOOK DELL LATITUDE 3450 CORE I7 SSD;5.348,57;;93;C 32GB;;04/08/2025;5781;;Envio;313,00
WEBACK [0];90;CAST PARTICIPACOES S.A.;CAST PARTICIPACOES S.A.;6165;9RP5HB4;Novo;10369;NOTEBOOK DELL LATITUDE 3450 CORE I7 SSD;5.348,57;;93;C 32GB;;04/08/2025;5781;;Envio;313,00
WEBACK [0];90;CAST PARTICIPACOES S.A.;CAST PARTICIPACOES S.A.;6204;PE0EDK1Y;Novo;10282;NOTEBOOK LENOVO THINKBOOK 14 CORE I5 SSD;4.394,50;;93;SP;;04/08/2025;5720;;Envio;259,00
WEBACK [0];90;CAST PARTICIPACOES S.A.;CAST PARTICIPACOES S.A.;6221;PE0EC4LB;Novo;10282;NOTEBOOK LENOVO THINKBOOK 14 CORE I5 SSD;4.394,50;;93;SP;;04/08/2025;5735;;Envio;259,00
WEBACK [0];90;CAST PARTICIPACOES S.A.;CAST PARTICIPACOES S.A.;6228;PE0EC4MT;Novo;10282;NOTEBOOK LENOVO THINKBOOK 14 CORE I5 SSD;4.394,50;;93;SP;;04/08/2025;5722;;Envio;259,00
WEBACK [0];90;CAST PARTICIPACOES S.A.;CAST PARTICIPACOES S.A.;1743;8X8M5Y3;Novo;1023;NOTEBOOK DELL LATITUDE 3420 CORE I5 SSD;5.617,95;;93;SAO PAULO;;05/08/2025;5818;;Retorno;245,00
WEBACK [0];90;CAST PARTICIPACOES S.A.;CAST PARTICIPACOES S.A.;4602;PE0CT91B;Novo;10269;NOTEBOOK LENOVO THINKPAD L14 G3 AMD R5 P;3.242,99;;93;SAO PAULO;;05/08/2025;5819;;Retorno;199,00
WEBACK [0];90;CAST PARTICIPACOES S.A.;CAST PARTICIPACOES S.A.;5537;PE0DP9NG;Novo;10282;NOTEBOOK LENOVO THINKBOOK 14 CORE I5 SSD;4.525,99;;93;SP;;05/08/2025;5778;;Envio;259,00
WEBACK [0];90;CAST PARTICIPACOES S.A.;CAST PARTICIPACOES S.A.;5910;PE096T68;Novo;10325;NOTEBOOK LENOVO THINKPAD E14 G2 CORE I7;4.509,99;;93;C 32GB;;05/08/2025;5781;;Envio;319,00
WEBACK [0];90;CAST PARTICIPACOES S.A.;CAST PARTICIPACOES S.A.;6134;9PP5HB4;Novo;10369;NOTEBOOK DELL LATITUDE 3450 CORE I7 SSD;5.348,57;;93;C 32GB;;05/08/2025;5781;;Envio;313,00
WEBACK [0];90;CAST PARTICIPACOES S.A.;CAST PARTICIPACOES S.A.;1559;PE0A78H7;Novo;1031;NOTEBOOK LENOVO THINKPAD E14 G2 CORE I7;5.892,36;;93;C/ 32GB;;06/08/2025;5781;;Envio;319,00
WEBACK [0];90;CAST PARTICIPACOES S.A.;CAST PARTICIPACOES S.A.;2189;PE0AVZDG;Novo;10315;NOTEBOOK LENOVO THINKPAD L14 CORE I7 SSD;0,00;;93;C 32GB;;06/08/2025;5781;;Envio;319,00
WEBACK [0];90;CAST PARTICIPACOES S.A.;CAST PARTICIPACOES S.A.;2209;PE0AVZYV;Novo;10315;NOTEBOOK LENOVO THINKPAD L14 CORE I7 SSD;4.250,00;;93;C 32GB;;06/08/2025;5823;;Envio;319,00
WEBACK [0];90;CAST PARTICIPACOES S.A.;CAST PARTICIPACOES S.A.;6062;SPE0EBZBH;Novo;10282;NOTEBOOK LENOVO THINKBOOK 14 CORE I5 SSD;4.394,51;;93;SP;;06/08/2025;5813;;Envio;259,00
WEBACK [0];90;CAST PARTICIPACOES S.A.;CAST PARTICIPACOES S.A.;6137;9QP5HB4;Novo;10369;NOTEBOOK DELL LATITUDE 3450 CORE I7 SSD;5.348,57;;93;C 32GB;;06/08/2025;5781;;Envio;313,00
WEBACK [0];90;CAST PARTICIPACOES S.A.;CAST PARTICIPACOES S.A.;6213;PE0EC4CB;Novo;10282;NOTEBOOK LENOVO THINKBOOK 14 CORE I5 SSD;4.394,50;;93;SP;;06/08/2025;5703;;Envio;259,00
WEBACK [0];90;CAST PARTICIPACOES S.A.;CAST PARTICIPACOES S.A.;6250;PE0EA12A;Novo;10282;NOTEBOOK LENOVO THINKBOOK 14 CORE I5 SSD;4.394,50;;93;SP;;06/08/2025;5736;;Envio;259,00
WEBACK [0];90;CAST PARTICIPACOES S.A.;CAST PARTICIPACOES S.A.;6049;SPE0EBZBF;Novo;10282;NOTEBOOK LENOVO THINKBOOK 14 CORE I5 SSD;4.394,51;;93;SP;;07/08/2025;5848;;Envio;259,00
WEBACK [0];90;CAST PARTICIPACOES S.A.;CAST PARTICIPACOES S.A.;6050;SPE0EBZAZ;Novo;10282;NOTEBOOK LENOVO THINKBOOK 14 CORE I5 SSD;4.394,51;;93;SP;;07/08/2025;5848;;Envio;259,00
WEBACK [0];90;CAST PARTICIPACOES S.A.;CAST PARTICIPACOES S.A.;6060;SPE0EBZBJ;Novo;10282;NOTEBOOK LENOVO THINKBOOK 14 CORE I5 SSD;4.394,51;;93;SP;;07/08/2025;5813;;Envio;259,00
WEBACK [0];90;CAST PARTICIPACOES S.A.;CAST PARTICIPACOES S.A.;6063;SPE0EBZAB;Novo;10282;NOTEBOOK LENOVO THINKBOOK 14 CORE I5 SSD;4.394,51;;93;SP;;07/08/2025;5813;;Envio;259,00
WEBACK [0];90;CAST PARTICIPACOES S.A.;CAST PARTICIPACOES S.A.;6077;SPE0EBZB1;Novo;10282;NOTEBOOK LENOVO THINKBOOK 14 CORE I5 SSD;4.394,51;;93;SP;;07/08/2025;5813;;Envio;259,00
WEBACK [0];90;CAST PARTICIPACOES S.A.;CAST PARTICIPACOES S.A.;6085;SPE0EBZBA;Novo;10282;NOTEBOOK LENOVO THINKBOOK 14 CORE I5 SSD;4.394,51;;93;SP;;07/08/2025;5848;;Envio;259,00
WEBACK [0];90;CAST PARTICIPACOES S.A.;CAST PARTICIPACOES S.A.;2343;PE08C28X;Novo;1040;NOTEBOOK LENOVO THINKPAD T14 RYZEN 7 G1;4.373,22;;93;SAO PAULO;;08/08/2025;5889;;Retorno;210,00
WEBACK [0];90;CAST PARTICIPACOES S.A.;CAST PARTICIPACOES S.A.;2350;PE08C28Q;Novo;1040;NOTEBOOK LENOVO THINKPAD T14 RYZEN 7 G1;4.373,22;;93;SAO PAULO;;08/08/2025;5889;;Envio;210,00
WEBACK [0];90;CAST PARTICIPACOES S.A.;CAST PARTICIPACOES S.A.;5733;PE0DP9Z3;Novo;10282;NOTEBOOK LENOVO THINKBOOK 14 CORE I5 SSD;4.525,99;;93;SP;;08/08/2025;5891;;Retorno;259,00
WEBACK [0];90;CAST PARTICIPACOES S.A.;CAST PARTICIPACOES S.A.;6048;SPE0EBZBR;Novo;10282;NOTEBOOK LENOVO THINKBOOK 14 CORE I5 SSD;4.394,51;;93;SP;;08/08/2025;5815;;Envio;259,00
WEBACK [0];90;CAST PARTICIPACOES S.A.;CAST PARTICIPACOES S.A.;6061;SPE0EBZB8;Novo;10282;NOTEBOOK LENOVO THINKBOOK 14 CORE I5 SSD;4.394,51;;93;SP;;08/08/2025;5848;;Envio;259,00
WEBACK [0];90;CAST PARTICIPACOES S.A.;CAST PARTICIPACOES S.A.;6064;SPE0EBZAX;Novo;10282;NOTEBOOK LENOVO THINKBOOK 14 CORE I5 SSD;4.394,51;;93;SP;;08/08/2025;5813;;Envio;259,00
WEBACK [0];90;CAST PARTICIPACOES S.A.;CAST PARTICIPACOES S.A.;6065;SPE0EBZBD;Novo;10282;NOTEBOOK LENOVO THINKBOOK 14 CORE I5 SSD;4.394,51;;93;SP;;08/08/2025;5813;;Envio;259,00
WEBACK [0];90;CAST PARTICIPACOES S.A.;CAST PARTICIPACOES S.A.;6066;SPE0EBZAC;Novo;10282;NOTEBOOK LENOVO THINKBOOK 14 CORE I5 SSD;4.394,51;;93;SP;;08/08/2025;5814;;Envio;259,00
WEBACK [0];90;CAST PARTICIPACOES S.A.;CAST PARTICIPACOES S.A.;6079;SPE0EBZBX;Novo;10282;NOTEBOOK LENOVO THINKBOOK 14 CORE I5 SSD;4.394,51;;93;SP;;08/08/2025;5816;;Envio;259,00
WEBACK [0];90;CAST PARTICIPACOES S.A.;CAST PARTICIPACOES S.A.;6083;SPE0EBZAE;Novo;10282;NOTEBOOK LENOVO THINKBOOK 14 CORE I5 SSD;4.394,51;;93;SP;;08/08/2025;5813;;Envio;259,00
WEBACK [0];95;WOP CENTRO OESTE TERCEIRIZACAO DE MAO-DE-OBRA E SERVICOS LTD;WOP;4750;PE0CV2B0;Novo;1067;NOTEBOOK LENOVO THINKPAD E14 G4 CORE I5;3.502,20;;96;COM PROTECAO;;07/08/2025;5871;;Envio;283,40
WEBACK [0];99;GEEK HUNTER SELECAO E AGENCIAMENTO DE MAO-DE-OBRA S.A.;GEEKHUNTER;001562;DH5453Q7CK;Novo;1052;MACBOOK APPLE PRO 14 M1 SSD 512GB 16GB R;15.120,00;;101;GEEK HUNTER;;05/08/2025;5839;;Retorno;1.095,00
WEBACK [0];99;GEEK HUNTER SELECAO E AGENCIAMENTO DE MAO-DE-OBRA S.A.;GEEKHUNTER;001564;XVWRFV9JYK;Novo;1052;MACBOOK APPLE PRO 14 M1 SSD 512GB 16GB R;15.120,00;;101;GEEK HUNTER;;05/08/2025;5842;;Retorno;1.095,00
WEBACK [0];99;GEEK HUNTER SELECAO E AGENCIAMENTO DE MAO-DE-OBRA S.A.;GEEKHUNTER;001565;D9FWTVMW25;Novo;1052;MACBOOK APPLE PRO 14 M1 SSD 512GB 16GB R;15.120,00;;101;GEEK HUNTER;;05/08/2025;5840;;Retorno;1.095,00
WEBACK [0];99;GEEK HUNTER SELECAO E AGENCIAMENTO DE MAO-DE-OBRA S.A.;GEEKHUNTER;1523;VD6XTX0JPH;Novo;1052;MACBOOK APPLE PRO 14 M1 SSD 512GB 16GB R;15.120,00;;101;GEEK HUNTER;;05/08/2025;5846;;Retorno;1.095,00
WEBACK [0];99;GEEK HUNTER SELECAO E AGENCIAMENTO DE MAO-DE-OBRA S.A.;GEEKHUNTER;1528;QYGXG6L92P;Novo;1052;MACBOOK APPLE PRO 14 M1 SSD 512GB 16GB R;15.120,00;;101;GEEK HUNTER;;05/08/2025;5841;;Retorno;1.095,00
WEBACK [0];99;GEEK HUNTER SELECAO E AGENCIAMENTO DE MAO-DE-OBRA S.A.;GEEKHUNTER;1529;TJ46RP9RFG;Novo;1052;MACBOOK APPLE PRO 14 M1 SSD 512GB 16GB R;15.120,00;;101;GEEK HUNTER;;05/08/2025;5843;;Retorno;1.095,00
WEBACK [0];99;GEEK HUNTER SELECAO E AGENCIAMENTO DE MAO-DE-OBRA S.A.;GEEKHUNTER;2253;PE0AAC2L;Novo;1071;NOTEBOOK LENOVO THINKPAD L14 AMD R7 PRO;3.380,15;;101;GEEK HUNTER;;05/08/2025;5838;;Retorno;565,00
WEBACK [0];99;GEEK HUNTER SELECAO E AGENCIAMENTO DE MAO-DE-OBRA S.A.;GEEKHUNTER;2346;PE0AACES;Novo;1071;NOTEBOOK LENOVO THINKPAD L14 AMD R7 PRO;3.779,67;;101;GEEK HUNTER;;05/08/2025;5844;;Retorno;565,00
WEBACK [0];99;GEEK HUNTER SELECAO E AGENCIAMENTO DE MAO-DE-OBRA S.A.;GEEKHUNTER;2945;SMF2QRYV4T9;Novo;10512;MACBOOK APPLE PRO 14 M3 PRO SSD 512GB 18;14.305,00;;101;GEEK HUNTER;;05/08/2025;5845;;Retorno;1.200,00
WEBACK [0];113;RANDSTAD BRASIL RECURSOS HUMANOS LTDA.;RANDSTAD BRASIL;5998;BRM512KYW8;Novo;10288;NOTEBOOK HP 250R G9 CORE I5 1334U  SSD 2;3.099,00;;146;COM O FFICE;;01/08/2025;5719;;Envio;312,50
WEBACK [0];113;RANDSTAD BRASIL RECURSOS HUMANOS LTDA.;RANDSTAD BRASIL;2001;PE07RX9Y;Novo;10218;NOTEBOOK LENOVO THINKPAD T14 G1 CORE I5;0,00;;146;ITAU - COM OFFICE;;04/08/2025;5797;;Retorno;312,50
WEBACK [0];113;RANDSTAD BRASIL RECURSOS HUMANOS LTDA.;RANDSTAD BRASIL;4423;189O2XA005934;Novo;3044;MONITOR AOC 21.5 22P2UM;539,99;;146;PADRAO;;04/08/2025;5800;;Retorno;85,00
WEBACK [0];113;RANDSTAD BRASIL RECURSOS HUMANOS LTDA.;RANDSTAD BRASIL;4427;189O2XA006005;Novo;3044;MONITOR AOC 21.5 22P2UM;539,99;;146;PADRAO;;04/08/2025;5802;;Retorno;85,00
WEBACK [0];113;RANDSTAD BRASIL RECURSOS HUMANOS LTDA.;RANDSTAD BRASIL;4813;PE0D8NTW;Novo;10272;NOTEBOOK LENOVO THINKPAD E14 G6  ULTRA 5;4.849,57;;146;ITAU - COM OFFICE;;04/08/2025;5798;;Retorno;312,50
WEBACK [0];113;RANDSTAD BRASIL RECURSOS HUMANOS LTDA.;RANDSTAD BRASIL;4825;PE0D8QBV;Novo;10272;NOTEBOOK LENOVO THINKPAD E14 G6  ULTRA 5;4.849,57;;146;ITAU - COM OFFICE;;04/08/2025;5796;;Retorno;312,50
WEBACK [0];113;RANDSTAD BRASIL RECURSOS HUMANOS LTDA.;RANDSTAD BRASIL;4830;PE0D8QC0;Novo;10272;NOTEBOOK LENOVO THINKPAD E14 G6  ULTRA 5;4.849,57;;146;ITAU - COM OFFICE;;04/08/2025;5799;;Retorno;312,50
WEBACK [0];113;RANDSTAD BRASIL RECURSOS HUMANOS LTDA.;RANDSTAD BRASIL;4849;PE0D8QB2;Novo;10272;NOTEBOOK LENOVO THINKPAD E14 G6  ULTRA 5;4.849,57;;146;ITAU - COM OFFICE;;04/08/2025;5801;;Retorno;312,50
WEBACK [0];113;RANDSTAD BRASIL RECURSOS HUMANOS LTDA.;RANDSTAD BRASIL;5993;BRM512KYDX;Novo;10288;NOTEBOOK HP 250R G9 CORE I5 1334U  SSD 2;3.099,00;;146;COM O FFICE;;04/08/2025;5775;;Envio;312,50
WEBACK [0];113;RANDSTAD BRASIL RECURSOS HUMANOS LTDA.;RANDSTAD BRASIL;2137;PE09R54R;Novo;10232;NOTEBOOK LENOVO THINKPAD T14 G2 CORE I5;4.663,07;;146;COM OFFICE;;05/08/2025;5831;;Retorno;327,50
WEBACK [0];113;RANDSTAD BRASIL RECURSOS HUMANOS LTDA.;RANDSTAD BRASIL;4097;PE0C7PE0;Novo;1067;NOTEBOOK LENOVO THINKPAD E14 G4 CORE I5;2.099,87;;146;COM OFFICE E KIT TECLADO E MOUSE;;05/08/2025;5770;;Envio;327,50
WEBACK [0];113;RANDSTAD BRASIL RECURSOS HUMANOS LTDA.;RANDSTAD BRASIL;4183;PE0CJCDN;Novo;1067;NOTEBOOK LENOVO THINKPAD E14 G4 CORE I5;2.342,70;;146;ITAU - COM OFFICE;;05/08/2025;5830;;Retorno;312,50
WEBACK [0];113;RANDSTAD BRASIL RECURSOS HUMANOS LTDA.;RANDSTAD BRASIL;4306;PE0CJBX8;Novo;1067;NOTEBOOK LENOVO THINKPAD E14 G4 CORE I5;2.342,70;;146;ITAU - COM OFFICE;;05/08/2025;5832;;Retorno;312,50
WEBACK [0];113;RANDSTAD BRASIL RECURSOS HUMANOS LTDA.;RANDSTAD BRASIL;2093;PE084P9Q;Novo;1025;NOTEBOOK LENOVO THINKPAD E14 G2 CORE I5;4.708,48;;146;ITAU - COM OFFICE E MOUSE;;06/08/2025;5803;;Retorno;317,50
WEBACK [0];113;RANDSTAD BRASIL RECURSOS HUMANOS LTDA.;RANDSTAD BRASIL;4752;PE0CV2A9;Novo;1067;NOTEBOOK LENOVO THINKPAD E14 G4 CORE I5;3.502,20;;146;COM OFFICE;;06/08/2025;5803;;Envio;312,50
WEBACK [0];113;RANDSTAD BRASIL RECURSOS HUMANOS LTDA.;RANDSTAD BRASIL;5991;BRM512KYGK;Novo;10288;NOTEBOOK HP 250R G9 CORE I5 1334U  SSD 2;3.099,00;;146;COM OFFICE E KIT TECLADO E MOUSE;;06/08/2025;5790;;Envio;327,50
WEBACK [0];113;RANDSTAD BRASIL RECURSOS HUMANOS LTDA.;RANDSTAD BRASIL;5999;BRM512KY87;Novo;10288;NOTEBOOK HP 250R G9 CORE I5 1334U  SSD 2;3.099,00;;146;COM O FFICE;;06/08/2025;5812;;Envio;312,50
WEBACK [0];113;RANDSTAD BRASIL RECURSOS HUMANOS LTDA.;RANDSTAD BRASIL;4402;189O2XA003342;Novo;3044;MONITOR AOC 21.5 22P2UM;592,00;;146;PADRAO;;08/08/2025;5887;;Retorno;85,00
WEBACK [0];113;RANDSTAD BRASIL RECURSOS HUMANOS LTDA.;RANDSTAD BRASIL;4812;PE0D8NTV;Novo;10272;NOTEBOOK LENOVO THINKPAD E14 G6  ULTRA 5;4.849,57;;146;ITAU - COM OFFICE;;08/08/2025;5886;;Retorno;312,50
WEBACK [0];113;RANDSTAD BRASIL RECURSOS HUMANOS LTDA.;RANDSTAD BRASIL;2118;PE0AW005;Novo;10319;NOTEBOOK LENOVO THINKPAD L14 CORE I7 SSD;2.630,64;;188;COM OFFICE;;05/08/2025;5828;;Retorno;412,50
WEBACK [0];113;RANDSTAD BRASIL RECURSOS HUMANOS LTDA.;RANDSTAD BRASIL;2975;PE0C7BMZ;Novo;10334;NOTEBOOK LENOVO THINKPAD E14 G4 CORE I7;1.700,00;;188;COM OFFICE;;06/08/2025;5866;;Retorno;382,50
WEBACK [0];113;RANDSTAD BRASIL RECURSOS HUMANOS LTDA.;RANDSTAD BRASIL;5855;PE0CCS4V;Novo;1067;NOTEBOOK LENOVO THINKPAD E14 G4 CORE I5;4.200,00;;188;COM OFFICE;;06/08/2025;5854;;Retorno;322,50
WEBACK [0];113;RANDSTAD BRASIL RECURSOS HUMANOS LTDA.;RANDSTAD BRASIL;5992;BRM512KYDZ;Novo;10288;NOTEBOOK HP 250R G9 CORE I5 1334U  SSD 2;3.099,00;;188;COM OFFICE E KIT TECLADO E MOUSE;;06/08/2025;5777;;Envio;327,50
WEBACK [0];113;RANDSTAD BRASIL RECURSOS HUMANOS LTDA.;RANDSTAD BRASIL;A275560;3,54315E+14;Novo;1062;SMARTPHONE SAMSUNG GALAXY A24 - 128GB  4;0,00;;188;PADRAO;;06/08/2025;5855;;Retorno;130,00
WEBACK [0];113;RANDSTAD BRASIL RECURSOS HUMANOS LTDA.;RANDSTAD BRASIL;2084;JL28TZ3;Novo;1053;NOTEBOOK DELL VOSTRO 7620 , I7 12TH, 16G;7.776,56;;188;SEM OFFICE;;07/08/2025;5822;;Envio;590,00
WEBACK [0];113;RANDSTAD BRASIL RECURSOS HUMANOS LTDA.;RANDSTAD BRASIL;4997;D41P564;Novo;10279;NOTEBOOK DELL LATITUDE 3550 CORE I7 SSD;0,00;;188;COM OFFICE;;07/08/2025;5853;;Envio;382,50
WEBACK [0];113;RANDSTAD BRASIL RECURSOS HUMANOS LTDA.;RANDSTAD BRASIL;5785;PE0DSZQD;Novo;10357;NOTEBOOK LENOVO THINKPAD E14 G6  ULTRA 7;6.220,99;;188;COM OFFICE - HUAWEI;;07/08/2025;5853;;Envio;557,50
WEBACK [0];113;RANDSTAD BRASIL RECURSOS HUMANOS LTDA.;RANDSTAD BRASIL;6028;PE0DV801;Novo;10357;NOTEBOOK LENOVO THINKPAD E14 G6  ULTRA 7;6.740,99;;188;COM OFFICE - HUAWEI;;07/08/2025;5853;;Envio;557,50
WEBACK [0];113;RANDSTAD BRASIL RECURSOS HUMANOS LTDA.;RANDSTAD BRASIL;6122;7QP5HB4;Novo;10369;NOTEBOOK DELL LATITUDE 3450 CORE I7 SSD;5.348,57;;188;COM OFFICE;;07/08/2025;5853;;Envio;382,50
WEBACK [0];113;RANDSTAD BRASIL RECURSOS HUMANOS LTDA.;RANDSTAD BRASIL;6123;HRP5HB4;Novo;10369;NOTEBOOK DELL LATITUDE 3450 CORE I7 SSD;5.348,57;;188;COM OFFICE;;07/08/2025;5853;;Envio;382,50
WEBACK [0];113;RANDSTAD BRASIL RECURSOS HUMANOS LTDA.;RANDSTAD BRASIL;6124;DQP5HB4;Novo;10369;NOTEBOOK DELL LATITUDE 3450 CORE I7 SSD;5.348,57;;188;COM OFFICE;;07/08/2025;5853;;Envio;382,50
WEBACK [0];113;RANDSTAD BRASIL RECURSOS HUMANOS LTDA.;RANDSTAD BRASIL;6125;CRP5HB4;Novo;10369;NOTEBOOK DELL LATITUDE 3450 CORE I7 SSD;5.348,57;;188;COM OFFICE;;07/08/2025;5853;;Envio;382,50
WEBACK [0];113;RANDSTAD BRASIL RECURSOS HUMANOS LTDA.;RANDSTAD BRASIL;6126;JRP5HB4;Novo;10369;NOTEBOOK DELL LATITUDE 3450 CORE I7 SSD;5.348,57;;188;COM OFFICE;;07/08/2025;5853;;Envio;382,50
WEBACK [0];113;RANDSTAD BRASIL RECURSOS HUMANOS LTDA.;RANDSTAD BRASIL;6128;5RP5HB4;Novo;10369;NOTEBOOK DELL LATITUDE 3450 CORE I7 SSD;5.348,57;;188;COM OFFICE;;07/08/2025;5853;;Envio;382,50
WEBACK [0];113;RANDSTAD BRASIL RECURSOS HUMANOS LTDA.;RANDSTAD BRASIL;6138;HPP5HB4;Novo;10369;NOTEBOOK DELL LATITUDE 3450 CORE I7 SSD;5.348,57;;188;COM OFFICE;;07/08/2025;5853;;Envio;382,50
WEBACK [0];113;RANDSTAD BRASIL RECURSOS HUMANOS LTDA.;RANDSTAD BRASIL;6141;5QP5HB4;Novo;10369;NOTEBOOK DELL LATITUDE 3450 CORE I7 SSD;5.348,57;;188;COM OFFICE;;07/08/2025;5853;;Envio;382,50
WEBACK [0];113;RANDSTAD BRASIL RECURSOS HUMANOS LTDA.;RANDSTAD BRASIL;6143;DRP5HB4;Novo;10369;NOTEBOOK DELL LATITUDE 3450 CORE I7 SSD;5.348,57;;188;COM OFFICE;;07/08/2025;5853;;Envio;382,50
WEBACK [0];113;RANDSTAD BRASIL RECURSOS HUMANOS LTDA.;RANDSTAD BRASIL;6156;GQP5HB4;Novo;10369;NOTEBOOK DELL LATITUDE 3450 CORE I7 SSD;5.348,57;;188;COM OFFICE;;07/08/2025;5853;;Envio;382,50
WEBACK [0];113;RANDSTAD BRASIL RECURSOS HUMANOS LTDA.;RANDSTAD BRASIL;6157;4QP5HB4;Novo;10369;NOTEBOOK DELL LATITUDE 3450 CORE I7 SSD;5.348,57;;188;COM OFFICE;;07/08/2025;5853;;Envio;382,50
WEBACK [0];113;RANDSTAD BRASIL RECURSOS HUMANOS LTDA.;RANDSTAD BRASIL;6158;1SP5HB4;Novo;10369;NOTEBOOK DELL LATITUDE 3450 CORE I7 SSD;5.348,57;;188;COM OFFICE;;07/08/2025;5853;;Envio;382,50
WEBACK [0];113;RANDSTAD BRASIL RECURSOS HUMANOS LTDA.;RANDSTAD BRASIL;6159;2QP5HB4;Novo;10369;NOTEBOOK DELL LATITUDE 3450 CORE I7 SSD;5.348,57;;188;COM OFFICE;;07/08/2025;5853;;Envio;382,50
WEBACK [0];113;RANDSTAD BRASIL RECURSOS HUMANOS LTDA.;RANDSTAD BRASIL;6164;2SP5HB4;Novo;10369;NOTEBOOK DELL LATITUDE 3450 CORE I7 SSD;5.348,57;;188;COM OFFICE;;07/08/2025;5853;;Envio;382,50
WEBACK [0];113;RANDSTAD BRASIL RECURSOS HUMANOS LTDA.;RANDSTAD BRASIL;6166;6PP5HB4;Novo;10369;NOTEBOOK DELL LATITUDE 3450 CORE I7 SSD;5.348,57;;188;COM OFFICE;;07/08/2025;5853;;Envio;382,50
WEBACK [0];113;RANDSTAD BRASIL RECURSOS HUMANOS LTDA.;RANDSTAD BRASIL;6313;3,51141E+14;Novo;1002;SMARTPHONE MOTOROLA G35 128GB - 4GB RAM;871,78;;188;PADRAO;;07/08/2025;5822;;Envio;190,00
WEBACK [0];113;RANDSTAD BRASIL RECURSOS HUMANOS LTDA.;RANDSTAD BRASIL;1854;927H4Y3;Novo;10321;NOTEBOOK DELL LATITUDE 3420 CORE I7 SSD;5.899,89;;188;COM OFFICE;;08/08/2025;5888;;Retorno;412,50
WEBACK [0];114;BM SISTEMAS DE ANALISE DE DADOS EIRELI;METRICAS AZUIS;4390;5RN5Z34;Novo;10260;NOTEBOOK DELL LATITUDE 3440 CORE I5 SSD;3.562,81;;147;POA;;01/08/2025;5744;;Envio;239,00
WEBACK [0];114;BM SISTEMAS DE ANALISE DE DADOS EIRELI;METRICAS AZUIS;4464;25P5Z34;Novo;10260;NOTEBOOK DELL LATITUDE 3440 CORE I5 SSD;3.562,81;;147;POA;;04/08/2025;5737;;Envio;239,00
WEBACK [0];115;THE BRIDGE SOCIAL LTDA;THE BRIDGE;5897;PE0A78N2;Novo;1031;NOTEBOOK LENOVO THINKPAD E14 G2 CORE I7;4.509,99;;148;COM OFFICE;;01/08/2025;5746;;Envio;382,50
WEBACK [0];115;THE BRIDGE SOCIAL LTDA;THE BRIDGE;5895;PE09EG27;Novo;10325;NOTEBOOK LENOVO THINKPAD E14 G2 CORE I7;4.509,99;;148;COM OFFICE - 16GB;;02/08/2025;5740;;Envio;382,50
WEBACK [0];115;THE BRIDGE SOCIAL LTDA;THE BRIDGE;1090;PE0A78GY;Novo;1031;NOTEBOOK LENOVO THINKPAD E14 G2 CORE I7;5.000,00;;148;COM OFFICE;;04/08/2025;5741;;Envio;382,50
WEBACK [0];115;THE BRIDGE SOCIAL LTDA;THE BRIDGE;4224;PE0CJBYK;Novo;10334;NOTEBOOK LENOVO THINKPAD E14 G4 CORE I7;2.716,61;;148;COM OFFICE;;04/08/2025;5807;;Retorno;382,50
WEBACK [0];115;THE BRIDGE SOCIAL LTDA;THE BRIDGE;1440;158370;Novo;1031;NOTEBOOK LENOVO THINKPAD E14 G2 CORE I7;5.000,00;;148;COM OFFICE;;06/08/2025;5852;;Envio;382,50
WEBACK [0];115;THE BRIDGE SOCIAL LTDA;THE BRIDGE;1390;JK115V3;Novo;10226;NOTEBOOK DELL LATITUDE 5420 CORE I5 SSD;0,00;;148;COM OFFICE;;07/08/2025;5869;;Retorno;322,50
WEBACK [0];115;THE BRIDGE SOCIAL LTDA;THE BRIDGE;2382;GP6H4Y3;Novo;10333;NOTEBOOK DELL LATITUDE 3420 CORE I7 SSD;4.489,99;;148;COM OFFICE;;07/08/2025;5875;;Retorno;404,50
WEBACK [0];115;THE BRIDGE SOCIAL LTDA;THE BRIDGE;5813;HW9Y6K3;Novo;10314;NOTEBOOK DELL LATITUDE 3420 CORE I7 SSD;0,00;;148;COM OFFICE;;08/08/2025;5893;;Retorno;382,50
WEBACK [0];119;GI GROUP BRASIL RECURSOS HUMANOS LTDA;GI GROUP - BPO;1726;PE0AW02H;Novo;10315;NOTEBOOK LENOVO THINKPAD L14 CORE I7 SSD;5.021,00;;157;COM OFFICE;;04/08/2025;5804;;Retorno;382,50
WEBACK [0];119;GI GROUP BRASIL RECURSOS HUMANOS LTDA;GI GROUP - BPO;2211;PE0AVZV9;Novo;10315;NOTEBOOK LENOVO THINKPAD L14 CORE I7 SSD;4.250,00;;157;COM OFFICE;;07/08/2025;5804;;Envio;382,50
WEBACK [0];120;GI GROUP BRASIL RECURSOS HUMANOS LTDA;GI GROUP - MATRIZ;5942;BRM512KY7Z;Novo;10288;NOTEBOOK HP 250R G9 CORE I5 1334U  SSD 2;3.099,00;;178;48 MESES - 2025;;06/08/2025;5826;;Envio;199,00
WEBACK [0];120;GI GROUP BRASIL RECURSOS HUMANOS LTDA;GI GROUP - MATRIZ;5948;BRM512KYH1;Novo;10288;NOTEBOOK HP 250R G9 CORE I5 1334U  SSD 2;3.099,00;;178;48 MESES - 2025;;06/08/2025;5826;;Envio;199,00
WEBACK [0];120;GI GROUP BRASIL RECURSOS HUMANOS LTDA;GI GROUP - MATRIZ;5949;BRM512KYGY;Novo;10288;NOTEBOOK HP 250R G9 CORE I5 1334U  SSD 2;3.099,00;;178;48 MESES - 2025;;06/08/2025;5826;;Envio;199,00
WEBACK [0];120;GI GROUP BRASIL RECURSOS HUMANOS LTDA;GI GROUP - MATRIZ;5967;BRM512KYVH;Novo;10288;NOTEBOOK HP 250R G9 CORE I5 1334U  SSD 2;3.099,00;;178;48 MESES - 2025;;06/08/2025;5826;;Envio;199,00
WEBACK [0];120;GI GROUP BRASIL RECURSOS HUMANOS LTDA;GI GROUP - MATRIZ;5968;BRM512KYVC;Novo;10288;NOTEBOOK HP 250R G9 CORE I5 1334U  SSD 2;3.099,00;;178;48 MESES - 2025;;06/08/2025;5826;;Envio;199,00
WEBACK [0];120;GI GROUP BRASIL RECURSOS HUMANOS LTDA;GI GROUP - MATRIZ;5969;BRM512KYF0;Novo;10288;NOTEBOOK HP 250R G9 CORE I5 1334U  SSD 2;3.099,00;;178;48 MESES - 2025;;06/08/2025;5826;;Envio;199,00
WEBACK [0];120;GI GROUP BRASIL RECURSOS HUMANOS LTDA;GI GROUP - MATRIZ;5970;BRM512KYF1;Novo;10288;NOTEBOOK HP 250R G9 CORE I5 1334U  SSD 2;3.099,00;;178;48 MESES - 2025;;06/08/2025;5826;;Envio;199,00
WEBACK [0];120;GI GROUP BRASIL RECURSOS HUMANOS LTDA;GI GROUP - MATRIZ;5979;BRM512KYDY;Novo;10288;NOTEBOOK HP 250R G9 CORE I5 1334U  SSD 2;3.099,00;;178;48 MESES - 2025;;06/08/2025;5826;;Envio;199,00
WEBACK [0];120;GI GROUP BRASIL RECURSOS HUMANOS LTDA;GI GROUP - MATRIZ;5980;BRM512KYD9;Novo;10288;NOTEBOOK HP 250R G9 CORE I5 1334U  SSD 2;3.099,00;;178;48 MESES - 2025;;06/08/2025;5826;;Envio;199,00
WEBACK [0];120;GI GROUP BRASIL RECURSOS HUMANOS LTDA;GI GROUP - MATRIZ;5981;BRM512KYH3;Novo;10288;NOTEBOOK HP 250R G9 CORE I5 1334U  SSD 2;3.099,00;;178;48 MESES - 2025;;06/08/2025;5826;;Envio;199,00
WEBACK [0];120;GI GROUP BRASIL RECURSOS HUMANOS LTDA;GI GROUP - MATRIZ;5982;BRM512KYCZ;Novo;10288;NOTEBOOK HP 250R G9 CORE I5 1334U  SSD 2;3.099,00;;178;48 MESES - 2025;;06/08/2025;5826;;Envio;199,00
WEBACK [0];120;GI GROUP BRASIL RECURSOS HUMANOS LTDA;GI GROUP - MATRIZ;5983;BRM512KY9D;Novo;10288;NOTEBOOK HP 250R G9 CORE I5 1334U  SSD 2;3.099,00;;178;48 MESES - 2025;;06/08/2025;5826;;Envio;199,00
WEBACK [0];120;GI GROUP BRASIL RECURSOS HUMANOS LTDA;GI GROUP - MATRIZ;5989;BRM512KYF6;Novo;10288;NOTEBOOK HP 250R G9 CORE I5 1334U  SSD 2;3.099,00;;178;48 MESES - 2025;;06/08/2025;5826;;Envio;199,00
WEBACK [0];120;GI GROUP BRASIL RECURSOS HUMANOS LTDA;GI GROUP - MATRIZ;6000;BRM512KY89;Novo;10288;NOTEBOOK HP 250R G9 CORE I5 1334U  SSD 2;3.099,00;;178;48 MESES - 2025;;06/08/2025;5826;;Envio;199,00
WEBACK [0];120;GI GROUP BRASIL RECURSOS HUMANOS LTDA;GI GROUP - MATRIZ;6001;BRM512KYDR;Novo;10288;NOTEBOOK HP 250R G9 CORE I5 1334U  SSD 2;3.099,00;;178;48 MESES - 2025;;06/08/2025;5826;;Envio;199,00
WEBACK [0];120;GI GROUP BRASIL RECURSOS HUMANOS LTDA;GI GROUP - MATRIZ;6002;BRM512KYD7;Novo;10288;NOTEBOOK HP 250R G9 CORE I5 1334U  SSD 2;3.099,00;;178;48 MESES - 2025;;06/08/2025;5826;;Envio;199,00
WEBACK [0];120;GI GROUP BRASIL RECURSOS HUMANOS LTDA;GI GROUP - MATRIZ;6008;BRM512KYGG;Novo;10288;NOTEBOOK HP 250R G9 CORE I5 1334U  SSD 2;3.099,00;;178;48 MESES - 2025;;06/08/2025;5826;;Envio;199,00
WEBACK [0];120;GI GROUP BRASIL RECURSOS HUMANOS LTDA;GI GROUP - MATRIZ;6009;BRM512KYFD;Novo;10288;NOTEBOOK HP 250R G9 CORE I5 1334U  SSD 2;3.099,00;;178;48 MESES - 2025;;06/08/2025;5826;;Envio;199,00
WEBACK [0];120;GI GROUP BRASIL RECURSOS HUMANOS LTDA;GI GROUP - MATRIZ;6010;BRM512KYDC;Novo;10288;NOTEBOOK HP 250R G9 CORE I5 1334U  SSD 2;3.099,00;;178;48 MESES - 2025;;06/08/2025;5826;;Envio;199,00
WEBACK [0];120;GI GROUP BRASIL RECURSOS HUMANOS LTDA;GI GROUP - MATRIZ;6011;BRM512KYDM;Novo;10288;NOTEBOOK HP 250R G9 CORE I5 1334U  SSD 2;3.099,00;;178;48 MESES - 2025;;06/08/2025;5826;;Envio;199,00
WEBACK [0];131;HADRONS TECNOLOGIA LTDA;HADRONS;2203;PE0AV8D7;Novo;10210;NOTEBOOK LENOVO THINKPAD L14 G2 CORE I5;2.944,10;;192;STORM;;01/08/2025;5783;;Retorno;232,00
WEBACK [0];131;HADRONS TECNOLOGIA LTDA;HADRONS;2275;PE0BXG0B;Novo;1067;NOTEBOOK LENOVO THINKPAD E14 G4 CORE I5;4.000,00;;192;STORM;;01/08/2025;5784;;Retorno;262,00
WEBACK [0];131;HADRONS TECNOLOGIA LTDA;HADRONS;5908;PE099L81;Novo;1025;NOTEBOOK LENOVO THINKPAD E14 G2 CORE I5;4.169,99;;192;STORM;;05/08/2025;5820;;Retorno;232,00
WEBACK [0];162;MULTILIXO REMOCOES DE LIXO LTDA;MULTILIXO;1387;FK115V3;Novo;10226;NOTEBOOK DELL LATITUDE 5420 CORE I5 SSD;0,00;;262;PADRAO;;08/08/2025;5860;;Envio;200,00
WEBACK [0];162;MULTILIXO REMOCOES DE LIXO LTDA;MULTILIXO;1399;6J115V3;Novo;10226;NOTEBOOK DELL LATITUDE 5420 CORE I5 SSD;0,00;;262;PADRAO;;08/08/2025;5860;;Envio;200,00
WEBACK [0];162;MULTILIXO REMOCOES DE LIXO LTDA;MULTILIXO;1443;5L115V3;Novo;10226;NOTEBOOK DELL LATITUDE 5420 CORE I5 SSD;0,00;;262;PADRAO;;08/08/2025;5860;;Envio;200,00
WEBACK [0];162;MULTILIXO REMOCOES DE LIXO LTDA;MULTILIXO;1505;FNQ06V3;Novo;10226;NOTEBOOK DELL LATITUDE 5420 CORE I5 SSD;3.934,71;;262;PADRAO;;08/08/2025;5860;;Envio;200,00
WEBACK [0];162;MULTILIXO REMOCOES DE LIXO LTDA;MULTILIXO;2226;4NQ06V3;Novo;10226;NOTEBOOK DELL LATITUDE 5420 CORE I5 SSD;6.525,74;;262;PADRAO;;08/08/2025;5860;;Envio;200,00
WEBACK [0];163;TERSERV PRESTACAO DE SERVICOS DE APOIO E LIMPEZA LTDA;TERSERV PRESTACAO DE SERVICOS DE APOIO E;1293;SPE061RP3;Novo;10212;NOTEBOOK LENOVO THINKPAD E14 G1 CORE I5;0,00;;259;SP;;01/08/2025;5733;;Envio;188,00
WEBACK [0];163;TERSERV PRESTACAO DE SERVICOS DE APOIO E LIMPEZA LTDA;TERSERV PRESTACAO DE SERVICOS DE APOIO E;1342;SPE061RTW;Novo;1028;NOTEBOOK LENOVO THINKPAD E14 G1 CORE I5;0,00;;259;SP;;01/08/2025;5734;;Envio;188,00
